-- --------------------------------------------------------
-- Host:                         127.0.0.1
-- Server version:               5.5.38-0ubuntu0.12.04.1 - (Ubuntu)
-- Server OS:                    debian-linux-gnu
-- HeidiSQL Version:             8.1.0.4545
-- --------------------------------------------------------

/*!40101 SET @OLD_CHARACTER_SET_CLIENT=@@CHARACTER_SET_CLIENT */;
/*!40101 SET NAMES utf8 */;
/*!40014 SET @OLD_FOREIGN_KEY_CHECKS=@@FOREIGN_KEY_CHECKS, FOREIGN_KEY_CHECKS=0 */;
/*!40101 SET @OLD_SQL_MODE=@@SQL_MODE, SQL_MODE='NO_AUTO_VALUE_ON_ZERO' */;

-- Dumping structure for table commerce.assigned_roles
CREATE TABLE IF NOT EXISTS `assigned_roles` (
  `id` int(10) unsigned NOT NULL AUTO_INCREMENT,
  `user_id` int(10) unsigned NOT NULL,
  `role_id` int(10) unsigned NOT NULL,
  PRIMARY KEY (`id`),
  KEY `assigned_roles_user_id_foreign` (`user_id`),
  KEY `assigned_roles_role_id_foreign` (`role_id`),
  CONSTRAINT `assigned_roles_role_id_foreign` FOREIGN KEY (`role_id`) REFERENCES `roles` (`id`),
  CONSTRAINT `assigned_roles_user_id_foreign` FOREIGN KEY (`user_id`) REFERENCES `users` (`id`) ON DELETE CASCADE ON UPDATE CASCADE
) ENGINE=InnoDB AUTO_INCREMENT=2 DEFAULT CHARSET=utf8 COLLATE=utf8_unicode_ci;

-- Dumping data for table commerce.assigned_roles: ~1 rows (approximately)
/*!40000 ALTER TABLE `assigned_roles` DISABLE KEYS */;
INSERT INTO `assigned_roles` (`id`, `user_id`, `role_id`) VALUES
	(1, 1, 2);
/*!40000 ALTER TABLE `assigned_roles` ENABLE KEYS */;


-- Dumping structure for table commerce.category
CREATE TABLE IF NOT EXISTS `category` (
  `id` int(10) unsigned NOT NULL AUTO_INCREMENT,
  `parent_id` int(11) NOT NULL,
  `name` varchar(255) COLLATE utf8_unicode_ci NOT NULL,
  `created_at` timestamp NOT NULL DEFAULT '0000-00-00 00:00:00',
  `updated_at` timestamp NOT NULL DEFAULT '0000-00-00 00:00:00',
  `slug` varchar(255) COLLATE utf8_unicode_ci DEFAULT NULL,
  PRIMARY KEY (`id`)
) ENGINE=InnoDB AUTO_INCREMENT=12 DEFAULT CHARSET=utf8 COLLATE=utf8_unicode_ci;

-- Dumping data for table commerce.category: ~9 rows (approximately)
/*!40000 ALTER TABLE `category` DISABLE KEYS */;
INSERT INTO `category` (`id`, `parent_id`, `name`, `created_at`, `updated_at`, `slug`) VALUES
	(1, 0, 'Pria', '0000-00-00 00:00:00', '0000-00-00 00:00:00', 'pria'),
	(2, 0, 'Wanita', '0000-00-00 00:00:00', '0000-00-00 00:00:00', 'wanita'),
	(3, 1, 'Kaos', '0000-00-00 00:00:00', '0000-00-00 00:00:00', 'kaos'),
	(4, 1, 'Kemeja', '0000-00-00 00:00:00', '0000-00-00 00:00:00', 'kemeja'),
	(5, 1, 'Celana', '2014-10-24 03:26:25', '2014-10-24 03:26:25', 'celana'),
	(8, 3, 'Anime & Cartoon', '2014-10-28 02:29:07', '2014-10-28 02:29:07', 'anime-cartoon'),
	(9, 8, 'Doraemon Stand By Me', '2014-10-28 02:30:13', '2014-10-28 02:30:13', 'doraemon-stand-by-me'),
	(10, 3, 'Music Series', '2014-10-30 03:12:02', '2014-10-30 03:12:02', 'music-series'),
	(11, 10, 'K-Pop Lovers', '2014-10-30 03:12:19', '2014-10-30 03:12:19', 'k-pop-lovers');
/*!40000 ALTER TABLE `category` ENABLE KEYS */;


-- Dumping structure for table commerce.category_product
CREATE TABLE IF NOT EXISTS `category_product` (
  `id_category` int(10) unsigned NOT NULL,
  `id_product` int(10) unsigned NOT NULL,
  `created_at` timestamp NOT NULL DEFAULT CURRENT_TIMESTAMP ON UPDATE CURRENT_TIMESTAMP,
  `updated_at` timestamp NOT NULL DEFAULT '0000-00-00 00:00:00',
  PRIMARY KEY (`id_category`,`id_product`),
  KEY `index2` (`id_product`)
) ENGINE=InnoDB DEFAULT CHARSET=latin1;

-- Dumping data for table commerce.category_product: ~46 rows (approximately)
/*!40000 ALTER TABLE `category_product` DISABLE KEYS */;
INSERT INTO `category_product` (`id_category`, `id_product`, `created_at`, `updated_at`) VALUES
	(0, 0, '2014-11-29 04:36:42', '2014-11-29 04:36:42'),
	(1, 1, '2014-11-29 04:39:51', '2014-11-29 04:39:51'),
	(1, 2, '2014-11-29 04:41:52', '2014-11-29 04:41:52'),
	(1, 3, '2014-11-29 09:32:54', '2014-11-29 09:32:54'),
	(1, 5, '2014-11-29 09:33:21', '2014-11-29 09:33:21'),
	(1, 6, '2014-11-29 09:34:16', '2014-11-29 09:34:16'),
	(1, 8, '2014-11-29 09:34:44', '2014-11-29 09:34:44'),
	(1, 9, '2014-11-29 09:35:09', '2014-11-29 09:35:09'),
	(1, 18, '2014-11-14 04:30:38', '2014-11-14 04:30:38'),
	(1, 19, '2014-11-29 09:36:01', '2014-11-29 09:36:01'),
	(1, 20, '2014-11-29 04:17:07', '2014-11-29 04:17:07'),
	(1, 21, '2014-11-29 09:39:23', '2014-11-29 09:39:23'),
	(1, 22, '2014-11-29 09:40:25', '2014-11-29 09:40:25'),
	(3, 1, '2014-11-29 04:39:51', '2014-11-29 04:39:51'),
	(3, 2, '2014-11-29 04:41:52', '2014-11-29 04:41:52'),
	(3, 3, '2014-11-29 09:32:54', '2014-11-29 09:32:54'),
	(3, 5, '2014-11-29 09:33:21', '2014-11-29 09:33:21'),
	(3, 6, '2014-11-29 09:34:16', '2014-11-29 09:34:16'),
	(3, 8, '2014-11-29 09:34:44', '2014-11-29 09:34:44'),
	(3, 9, '2014-11-29 09:35:09', '2014-11-29 09:35:09'),
	(3, 18, '2014-11-14 04:30:38', '2014-11-14 04:30:38'),
	(3, 19, '2014-11-29 09:36:01', '2014-11-29 09:36:01'),
	(3, 21, '2014-11-29 09:39:23', '2014-11-29 09:39:23'),
	(3, 22, '2014-11-29 09:40:25', '2014-11-29 09:40:25'),
	(4, 20, '2014-11-29 04:17:07', '2014-11-29 04:17:07'),
	(8, 1, '2014-11-29 04:39:51', '2014-11-29 04:39:51'),
	(8, 2, '2014-11-29 04:41:52', '2014-11-29 04:41:52'),
	(8, 3, '2014-11-29 09:32:54', '2014-11-29 09:32:54'),
	(8, 8, '2014-11-29 09:34:44', '2014-11-29 09:34:44'),
	(8, 9, '2014-11-29 09:35:09', '2014-11-29 09:35:09'),
	(8, 18, '2014-11-14 04:30:38', '2014-11-14 04:30:38'),
	(8, 19, '2014-11-29 09:36:01', '2014-11-29 09:36:01'),
	(9, 2, '2014-11-29 04:41:52', '2014-11-29 04:41:52'),
	(9, 3, '2014-11-29 09:32:54', '2014-11-29 09:32:54'),
	(9, 8, '2014-11-29 09:34:44', '2014-11-29 09:34:44'),
	(9, 9, '2014-11-29 09:35:09', '2014-11-29 09:35:09'),
	(9, 18, '2014-11-14 04:30:38', '2014-11-14 04:30:38'),
	(9, 19, '2014-11-29 09:36:01', '2014-11-29 09:36:01'),
	(10, 5, '2014-11-29 09:33:21', '2014-11-29 09:33:21'),
	(10, 6, '2014-11-29 09:34:16', '2014-11-29 09:34:16'),
	(10, 21, '2014-11-29 09:39:23', '2014-11-29 09:39:23'),
	(10, 22, '2014-11-29 09:40:25', '2014-11-29 09:40:25'),
	(11, 5, '2014-11-29 09:33:21', '2014-11-29 09:33:21'),
	(11, 6, '2014-11-29 09:34:16', '2014-11-29 09:34:16'),
	(11, 21, '2014-11-29 09:39:23', '2014-11-29 09:39:23'),
	(11, 22, '2014-11-29 09:40:25', '2014-11-29 09:40:25');
/*!40000 ALTER TABLE `category_product` ENABLE KEYS */;


-- Dumping structure for table commerce.dati2
CREATE TABLE IF NOT EXISTS `dati2` (
  `zone_id` int(11) NOT NULL AUTO_INCREMENT,
  `country_id` int(11) NOT NULL,
  `name` varchar(128) NOT NULL,
  `code` varchar(32) NOT NULL,
  `status` tinyint(1) NOT NULL DEFAULT '1',
  PRIMARY KEY (`zone_id`)
) ENGINE=MyISAM AUTO_INCREMENT=502 DEFAULT CHARSET=utf8;

-- Dumping data for table commerce.dati2: 501 rows
/*!40000 ALTER TABLE `dati2` DISABLE KEYS */;
INSERT INTO `dati2` (`zone_id`, `country_id`, `name`, `code`, `status`) VALUES
	(1, 1, 'Kab. Badung', 'BDG', 1),
	(2, 1, 'Kab. Bangli', 'BGL', 1),
	(3, 1, 'Kab. Buleleng', 'BLL', 1),
	(4, 1, 'Kota Denpasar', 'DPS', 1),
	(5, 1, 'Kab. Gianyar', 'GIA', 1),
	(6, 1, 'Kab. Jembrana', 'JMB', 1),
	(7, 1, 'Kab. Karangasem', 'KRA', 1),
	(8, 1, 'Kab. Klungkung', 'KLK', 1),
	(9, 1, 'Kab. Tabanan', 'TBN', 1),
	(10, 2, 'Kab. Bangka', 'BKA', 1),
	(11, 2, 'Kab. Bangka Barat', 'BBR', 1),
	(12, 2, 'Kab. Bangka Selatan', 'BBS', 1),
	(13, 2, 'Kab. Bangka Tengah', 'BBT', 1),
	(14, 2, 'Kab. Belitung', 'BLT', 1),
	(15, 2, 'Kab. Belitung Timur', 'BTM', 1),
	(16, 2, 'Kota Pangkal Pinang', 'PPN', 1),
	(17, 3, 'Kota Cilegon', 'CLG', 1),
	(18, 3, 'Kab. Lebak', 'LBK', 1),
	(19, 3, 'Kab. Pandeglang', 'PDG', 1),
	(20, 3, 'Kab. Serang', 'SRG', 1),
	(21, 3, 'Kota Serang', 'KSR', 1),
	(22, 3, 'Kab. Tangerang', 'KTG', 1),
	(23, 3, 'Kota Tangerang', 'KTN', 1),
	(24, 3, 'Kota Tangerang Selatan', 'KTS', 1),
	(25, 4, 'Kota Bengkulu', 'BKL', 1),
	(26, 4, 'Kab. Bengkulu Selatan', 'BKS', 1),
	(27, 4, 'Kab. Bengkulu Tengah', 'BKT', 1),
	(28, 4, 'Kab. Bengkulu Utara', 'BKU', 1),
	(29, 4, 'Kab. Kaur', 'KAU', 1),
	(30, 4, 'Kab. Kepahiang', 'KPH', 1),
	(31, 4, 'Kab. Lebong', 'LEB', 1),
	(32, 4, 'Kab. Muko Muko', 'MUK', 1),
	(33, 4, 'Kab. Rejang Lebong', 'REJ', 1),
	(34, 4, 'Kab. Seluma', 'SLU', 1),
	(35, 5, 'Kab. Bantul', 'BNT', 1),
	(36, 5, 'Kab. Gunung Kidul', 'GKI', 1),
	(37, 5, 'Kab. Kulon Progo', 'KLP', 1),
	(38, 5, 'Kab. Sleman', 'SLE', 1),
	(39, 5, 'Kota Yogyakarta', 'YGK', 1),
	(40, 6, 'Kota Jakarta Barat', 'JKB', 1),
	(41, 6, 'Kota Jakarta Pusat', 'JKP', 1),
	(42, 6, 'Kota Jakarta Selatan', 'JKS', 1),
	(43, 6, 'Kota Jakarta Timur', 'JKT', 1),
	(44, 6, 'Kota Jakarta Utara', 'JKU', 1),
	(45, 6, 'Kab. Kepulauan Seribu', 'KSU', 1),
	(46, 7, 'Kab. Boalemo', 'BOA', 1),
	(47, 7, 'Kab. Bone Bolango', 'BOL', 1),
	(48, 7, 'Kab. Gorontalo', 'GRT', 1),
	(49, 7, 'Kota Gorontalo', 'GRO', 1),
	(50, 7, 'Kab. Gorontalo Utara', 'GRU', 1),
	(51, 7, 'Kab. Pohuwato', 'PHU', 1),
	(52, 8, 'Kab. Batang Hari', 'BTH', 1),
	(53, 8, 'Kab. Bungo', 'BUN', 1),
	(54, 8, 'Kota Jambi', 'JMB', 1),
	(55, 8, 'Kab. Kerinci', 'KRI', 1),
	(56, 8, 'Kab. Merangin', 'MRA', 1),
	(57, 8, 'Kab. Muaro Jambi', 'MUA', 1),
	(58, 8, 'Kab. Sarolangun', 'SAR', 1),
	(59, 8, 'Kota Sungaipenuh', 'Sun', 1),
	(60, 8, 'Kab. Tanjung Jabung Barat', 'TJB', 1),
	(61, 8, 'Kab. Tanjung Jabung Timur', 'TJT', 1),
	(62, 8, 'Kab. Tebo', 'TEB', 1),
	(63, 9, 'Kab. Bandung', 'BND', 1),
	(64, 9, 'Kota Bandung', 'BNU', 1),
	(65, 9, 'Kab. Bandung Barat', 'BBR', 1),
	(66, 9, 'Kota Banjar', 'BNJ', 1),
	(67, 9, 'Kab. Bekasi', 'BKS', 1),
	(68, 9, 'Kota Bekasi', 'BSI', 1),
	(69, 9, 'Kab. Bogor', 'BGR', 1),
	(70, 9, 'Kota Bogor', 'BOG', 1),
	(71, 9, 'Kab. Ciamis', 'CIA', 1),
	(72, 9, 'Kab. Cianjur', 'CNJ', 1),
	(73, 9, 'Kota Cimahi', 'CMH', 1),
	(74, 9, 'Kab. Cirebon', 'CRI', 1),
	(75, 9, 'Kota Cirebon', 'CIR', 1),
	(76, 9, 'Kota Depok', 'DPK', 1),
	(77, 9, 'Kab. Garut', 'GRT', 1),
	(78, 9, 'Kab. Indramayu', 'IDM', 1),
	(79, 9, 'Kab. Karawang', 'KRW', 1),
	(80, 9, 'Kab. Kuningan', 'KNG', 1),
	(81, 9, 'Kab. Majalengka', 'MJK', 1),
	(82, 9, 'Kab. Pangandaran', 'PNG', 1),
	(83, 9, 'Kab. Purwakarta', 'PWK', 1),
	(84, 9, 'Kab. Subang', 'SUB', 1),
	(85, 9, 'Kab. Sukabumi', 'SKB', 1),
	(86, 9, 'Kota Sukabumi', 'SKU', 1),
	(87, 9, 'Kab. Sumedang', 'SMD', 1),
	(88, 9, 'Kab. Tasikmalaya', 'TSM', 1),
	(89, 9, 'Kota Tasikmalaya', 'TSY', 1),
	(90, 10, 'Kab. Banjarnegara', 'BJN', 1),
	(91, 10, 'Kab. Banyumas', 'BYU', 1),
	(92, 10, 'Kab. Batang', 'BTG', 1),
	(93, 10, 'Kab. Blora', 'BLR', 1),
	(94, 10, 'Kab. Boyolali', 'BYO', 1),
	(95, 10, 'Kab. Brebes', 'BRE', 1),
	(96, 10, 'Kab. Cilacap', 'CLC', 1),
	(97, 10, 'Kab. Demak', 'DMK', 1),
	(98, 10, 'Kab. Grobogan', 'GRB', 1),
	(99, 10, 'Kab. Jepara', 'JPR', 1),
	(100, 10, 'Kab. Karanganyar', 'KRA', 1),
	(101, 10, 'Kab. Kebumen', 'KBU', 1),
	(102, 10, 'Kab. Kendal', 'KEN', 1),
	(103, 10, 'Kab. Klaten', 'KLT', 1),
	(104, 10, 'Kab. Kudus', 'KDS', 1),
	(105, 10, 'Kab. Magelang', 'MGL', 1),
	(106, 10, 'Kota Magelang', 'MGE', 1),
	(107, 10, 'Kab. Pati', 'PTI', 1),
	(108, 10, 'Kab. Pekalongan', 'PKL', 1),
	(109, 10, 'Kota Pekalongan', 'PLO', 1),
	(110, 10, 'Kab. Pemalang', 'PML', 1),
	(111, 10, 'Kab. Purbalingga', 'PRB', 1),
	(112, 10, 'Kab. Purworejo', 'PWR', 1),
	(113, 10, 'Kab. Rembang', 'REM', 1),
	(114, 10, 'Kota Salatiga', 'SLT', 1),
	(115, 10, 'Kab. Semarang', 'SMG', 1),
	(116, 10, 'Kota Semarang', 'SMR', 1),
	(117, 10, 'Kab. Sragen', 'SRG', 1),
	(118, 10, 'Kab. Sukoharjo', 'SKH', 1),
	(119, 10, 'Kota Surakarta (Solo)', 'SRK', 1),
	(120, 10, 'Kab. Tegal', 'TGL', 1),
	(121, 10, 'Kota Tegal', 'TEG', 1),
	(122, 10, 'Kab. Temanggung', 'TMG', 1),
	(123, 10, 'Kab. Wonogiri', 'WNG', 1),
	(124, 10, 'Kab. Wonosobo', 'WNS', 1),
	(125, 11, 'Kab.Bangkalan', 'BKL', 1),
	(126, 11, 'Kab. Banyuwangi', 'BNY', 1),
	(127, 11, 'Kota Batu', 'BAT', 1),
	(128, 11, 'Kab. Blitar', 'BLI', 1),
	(129, 11, 'Kota Blitar', 'BLR', 1),
	(130, 11, 'Kab. Bojonegoro', 'BJR', 1),
	(131, 11, 'Kab. Bondowoso', 'BND', 1),
	(132, 11, 'Kab. Gresik', 'GRK', 1),
	(133, 11, 'Kab. Jember', 'JEM', 1),
	(134, 11, 'Kab. Jombang', 'JMB', 1),
	(135, 11, 'Kab. Kediri', 'KDR', 1),
	(136, 11, 'Kota Kediri', 'KDI', 1),
	(137, 11, 'Kab. Lamongan', 'LMG', 1),
	(138, 11, 'Kab. Lumajang', 'LMJ', 1),
	(139, 11, 'Kab. Madiun', 'MDN', 1),
	(140, 11, 'Kota Madiun', 'MDU', 1),
	(141, 11, 'Kab. Magetan', 'MGT', 1),
	(142, 11, 'Kab. Malang', 'MLG', 1),
	(143, 11, 'Kota Malang', 'MLG', 1),
	(144, 11, 'Kab. Mojokerto', 'MJK', 1),
	(145, 11, 'Kota Mojokerto', 'MJO', 1),
	(146, 11, 'Kab. Nganjuk', 'NGA', 1),
	(147, 11, 'Kab. Ngawi', 'NGW', 1),
	(148, 11, 'Kab. Pacitan', 'PCT', 1),
	(149, 11, 'Kab. Pamekasan', 'PMK', 1),
	(150, 11, 'Kab. Pasuruan', 'PSR', 1),
	(151, 11, 'Kota Pasuruan', 'PSU', 1),
	(152, 11, 'Kab. Ponorogo', 'PNO', 1),
	(153, 11, 'Kab. Probolinggo', 'PRB', 1),
	(154, 11, 'Kota Probolinggo', 'PRO', 1),
	(155, 11, 'Kab. Sampang', 'SMP', 1),
	(156, 11, 'Kab. Sidoarjo', 'SDO', 1),
	(157, 11, 'Kab. Situbondo', 'STU', 1),
	(158, 11, 'Kab. Sumenep', 'SMP', 1),
	(159, 11, 'Kota Surabaya', 'SBY', 1),
	(160, 11, 'Kab. Trenggalek', 'TRK', 1),
	(161, 11, 'Kab. Tuban', 'TUB', 1),
	(162, 11, 'Kab. Tulungagung', 'TLG', 1),
	(163, 12, 'Kab. Bengkayang', 'BKY', 1),
	(164, 12, 'Kab. Kapuas Hulu', 'KPH', 1),
	(165, 12, 'Kab. Kayong Utara', 'KYU', 1),
	(166, 12, 'Kab. Ketapang', 'KTP', 1),
	(167, 12, 'Kab. Kubu Raya', 'KRY', 1),
	(168, 12, 'Kab. Landak', 'LDK', 1),
	(169, 12, 'Kab. Melawi', 'MLW', 1),
	(170, 12, 'Kab. Pontianak', 'PTK', 1),
	(171, 12, 'Kota Pontianak', 'PON', 1),
	(172, 12, 'Kab. Sambas', 'SMB', 1),
	(173, 12, 'Kab. Sanggau', 'SNG', 1),
	(174, 12, 'Kab. Sekadau', 'SKD', 1),
	(175, 12, 'Kota Singkawang', 'SKG', 1),
	(176, 12, 'Kab. Sintang', 'SNT', 1),
	(177, 13, 'Kab. Balangan', 'BLG', 1),
	(178, 13, 'Kab. Banjar', 'BNJ', 1),
	(179, 13, 'Kota Banjarbaru', 'BNB', 1),
	(180, 13, 'Kota Banjarmasin', 'BNJ', 1),
	(181, 13, 'Kab. Barito Kuala', 'BRT', 1),
	(182, 13, 'Kab. Hulu Sungai Selatan', 'HSS', 1),
	(183, 13, 'Kab. Hulu Sungai Tengah', 'HST', 1),
	(184, 13, 'Kab. Hulu Sungai Utara', 'HSU', 1),
	(185, 13, 'Kab. Kotabaru', 'KTB', 1),
	(186, 13, 'Kab. Tabalong', 'TBL', 1),
	(187, 13, 'Kab. Tanah Bumbu', 'TBU', 1),
	(188, 13, 'Kab. Tanah Laut', 'TNL', 1),
	(189, 13, 'Kab. Tapin', 'TAP', 1),
	(190, 14, 'Kab. Barito Selatan', 'BOS', 1),
	(191, 14, 'Kab. Barito Timur', 'BOT', 1),
	(192, 14, 'Kab. Barito Utara', 'BOU', 1),
	(193, 14, 'Kab. Gunung Mas', 'GMS', 1),
	(194, 14, 'Kab. Kapuas', 'KPS', 1),
	(195, 14, 'Kab. Katingan', 'KTG', 1),
	(196, 14, 'Kab. Kotawaringin Barat', 'KWB', 1),
	(197, 14, 'Kab. Kotawaringin Timur', 'KWT', 1),
	(198, 14, 'Kab. Lamandau', 'LMD', 1),
	(199, 14, 'Kab. Murung Raya', 'MRY', 1),
	(200, 14, 'Kota Palangka Raya', 'PKR', 1),
	(201, 14, 'Kab. Pulang Pisau', 'PPU', 1),
	(202, 14, 'Kab. Seruyan', 'SRY', 1),
	(203, 14, 'Kab. Sukamara', 'SKM', 1),
	(204, 15, 'Kota Balikpapan', 'BLP', 1),
	(205, 15, 'Kab. Berau', 'BER', 1),
	(206, 15, 'Kota Bontang', 'BON', 1),
	(207, 15, 'Kab. Kutai Barat', 'KTT', 1),
	(208, 15, 'Kab. Kutai Kartanegara', 'KKG', 1),
	(209, 15, 'Kab. Kutai Timur', 'KTM', 1),
	(210, 15, 'Kab. Paser', 'PSE', 1),
	(211, 15, 'Kab. Penajam Paser Utara', 'PPU', 1),
	(212, 15, 'Kota Samarinda', 'SMD', 1),
	(213, 16, 'Kab. Bulungan (Bulongan)', 'BUL', 1),
	(214, 16, 'Kab. Malinau', 'MLN', 1),
	(215, 16, 'Kab. Nunukan', 'NNK', 1),
	(216, 16, 'Kab. Tana Tidung', 'TTG', 1),
	(217, 16, 'Kota Tarakan', 'TRK', 1),
	(218, 17, 'Kota Batam', 'BTM', 1),
	(219, 17, 'Kab. Bintan', 'BIN', 1),
	(220, 17, 'Kab. Karimun', 'KRM', 1),
	(221, 17, 'Kab. Kepulauan Anambas', 'KAN', 1),
	(222, 17, 'Kab. Lingga', 'LIG', 1),
	(223, 17, 'Kab. Natuna', 'NTN', 1),
	(224, 17, 'Kota Tanjung Pinang', 'TPN', 1),
	(225, 18, 'Kota Bandar Lampung', 'BLP', 1),
	(226, 18, 'Kab. Lampung Barat', 'LBT', 1),
	(227, 18, 'Kab. Lampung Selatan', 'LSL', 1),
	(228, 18, 'Kab. Lampung Tengah', 'LTG', 1),
	(229, 18, 'Kab. Lampung Timur', 'LTT', 1),
	(230, 18, 'Kab. Lampung Utara', 'LTU', 1),
	(231, 18, 'Kab. Mesuji', 'MSU', 1),
	(232, 18, 'Kota Metro', 'MTR', 1),
	(233, 18, 'Kab. Pesawaran', 'PSW', 1),
	(234, 18, 'Kab. Pesisir Barat', 'PSB', 1),
	(235, 18, 'Kab. Pringsewu', 'PRS', 1),
	(236, 18, 'Kab. Tanggamus', 'TGS', 1),
	(237, 18, 'Kab. Tulang Bawang', 'TBW', 1),
	(238, 18, 'Kab. Tulang Bawang Barat', 'TBB', 1),
	(239, 18, 'Kab. Way Kanan', 'WKN', 1),
	(240, 19, 'Kota Ambon', 'AMB', 1),
	(241, 19, 'Kab. Buru', 'BUR', 1),
	(242, 19, 'Kab. Buru Selatan', 'BUS', 1),
	(243, 19, 'Kab. Kepulauan Aru', 'KAR', 1),
	(244, 19, 'Kab. Maluku Barat Daya', 'MBD', 1),
	(245, 19, 'Kab. Maluku Tengah', 'MTT', 1),
	(246, 19, 'Kab. Maluku Tenggara', 'MTN', 1),
	(247, 19, 'Kab. Maluku Tenggara Barat', 'MTG', 1),
	(248, 19, 'Kab. Seram Bagian Barat', 'SBB', 1),
	(249, 19, 'Kab. Seram Bagian Timur', 'SBT', 1),
	(250, 19, 'Kota Tual', 'TUA', 1),
	(251, 20, 'Kab. Halmahera Barat', 'HHB', 1),
	(252, 20, 'Kab. Halmahera Selatan', 'HHS', 1),
	(253, 20, 'Kab. Halmahera Tengah', 'HLT', 1),
	(254, 20, 'Kab. Halmahera Timur', 'HTM', 1),
	(255, 20, 'Kab. Halmahera Utara', 'HTU', 1),
	(256, 20, 'Kab. Kepulauan Sula', 'KSU', 1),
	(257, 20, 'Kab. Pulau Morotai', 'PMT', 1),
	(258, 20, 'Kota Ternate', 'TRT', 1),
	(259, 20, 'Kota Tidore Kepulauan', 'TDK', 1),
	(260, 21, 'Kab. Aceh Barat', 'ACB', 1),
	(261, 21, 'Kab. Aceh Barat Daya', 'ABD', 1),
	(262, 21, 'Kab. Aceh Besar', 'ACB', 1),
	(263, 21, 'Kab. Aceh Jaya', 'ACJ', 1),
	(264, 21, 'Kab. Aceh Selatan', 'ACS', 1),
	(265, 21, 'Kab. Aceh Singkil', 'ASI', 1),
	(266, 21, 'Kab. Aceh Tamiang', 'ATA', 1),
	(267, 21, 'Kab. Aceh Tengah', 'ATT', 1),
	(268, 21, 'Kab. Aceh Tenggara', 'ATE', 1),
	(269, 21, 'Kab. Aceh Timur', 'ATU', 1),
	(270, 21, 'Kab. Aceh Utara', 'AUT', 1),
	(271, 21, 'Kota Banda Aceh', 'BAC', 1),
	(272, 21, 'Kab. Bener Meriah', 'BME', 1),
	(273, 21, 'Kab. Bireuen', 'BIR', 1),
	(274, 21, 'Kab. Gayo Lues', 'GAY', 1),
	(275, 21, 'Kota Langsa', 'LAN', 1),
	(276, 21, 'Kota Lhokseumawe', 'LHO', 1),
	(277, 21, 'Kab. Nagan Raya', 'NAG', 1),
	(278, 21, 'Kab. Pidie', 'PID', 1),
	(279, 21, 'Kab. Pidie Jaya', 'PIE', 1),
	(280, 21, 'Kota Sabang', 'SAB', 1),
	(281, 21, 'Kab. Simeulue', 'SIM', 1),
	(282, 21, 'Kota Subulussalam', 'SUB', 1),
	(283, 22, 'Kab. Bima', 'BIM', 1),
	(284, 22, 'Kota Bima', 'IMA', 1),
	(285, 22, 'Kab. Dompu', 'DOM', 1),
	(286, 22, 'Kab. Lombok Barat', 'LBB', 1),
	(287, 22, 'Kab. Lombok Tengah', 'LBT', 1),
	(288, 22, 'Kab. Lombok Timur', 'LBM', 1),
	(289, 22, 'Kab. Lombok Utara', 'LBU', 1),
	(290, 22, 'Kota Mataram', 'MTM', 1),
	(291, 22, 'Kab. Sumbawa', 'SUM', 1),
	(292, 22, 'Kab. Sumbawa Barat', 'SBR', 1),
	(293, 23, 'Kab. Alor', 'ALR', 1),
	(294, 23, 'Kab. Belu', 'BEL', 1),
	(295, 23, 'Kab. Ende', 'END', 1),
	(296, 23, 'Kab. Flores Timur', 'FLO', 1),
	(297, 23, 'Kab. Kupang', 'KUP', 1),
	(298, 23, 'Kota Kupang', 'UPA', 1),
	(299, 23, 'Kab. Lembata', 'LEM', 1),
	(300, 23, 'Kab. Manggarai', 'MNG', 1),
	(301, 23, 'Kab. Manggarai Barat', 'MBT', 1),
	(302, 23, 'Kab. Manggarai Timur', 'MTT', 1),
	(303, 23, 'Kab. Nagekeo', 'NAG', 1),
	(304, 23, 'Kab. Ngada', 'NGA', 1),
	(305, 23, 'Kab. Rote Ndao', 'ROT', 1),
	(306, 23, 'Kab. Sabu Raijua', 'SAR', 1),
	(307, 23, 'Kab. Sikka', 'SIK', 1),
	(308, 23, 'Kab. Sumba Barat', 'SBR', 1),
	(309, 23, 'Kab. Sumba Barat Daya', 'SBD', 1),
	(310, 23, 'Kab. Sumba Tengah', 'SBE', 1),
	(311, 23, 'Kab. Sumba Timur', 'SBI', 1),
	(312, 23, 'Kab. Timor Tengah Selatan', 'TTS', 1),
	(313, 23, 'Kab. Timor Tengah Utara', 'TSU', 1),
	(314, 24, 'Kab. Asmat', 'ASM', 1),
	(315, 24, 'Kab. Biak Numfor', 'BIA', 1),
	(316, 24, 'Kab. Boven Digoel', 'BIG', 1),
	(317, 24, 'Kab. Deiyai (Deliyai)', 'DEI', 1),
	(318, 24, 'Kab. Dogiyai', 'DOG', 1),
	(319, 24, 'Kab. Intan Jaya', 'INT', 1),
	(320, 24, 'Kab. Jayapura', 'JYP', 1),
	(321, 24, 'Kota Jayapura', 'JYU', 1),
	(322, 24, 'Kab. Jayawijaya', 'JYJ', 1),
	(323, 24, 'Kab. Keerom', 'KEE', 1),
	(324, 24, 'Kab. Kepulauan Yapen (Yapen Waropen)', 'YPN', 1),
	(325, 24, 'Kab. Lanny Jaya', 'LAN', 1),
	(326, 24, 'Kab. Mamberamo Raya', 'MAM', 1),
	(327, 24, 'Kab. Mamberamo Tengah', 'MBE', 1),
	(328, 24, 'Kab. Mappi', 'MAP', 1),
	(329, 24, 'Kab. Merauke', 'MRK', 1),
	(330, 24, 'Kab. Mimika', 'MMK', 1),
	(331, 24, 'Kab. Nabire', 'NAB', 1),
	(332, 24, 'Kab. Nduga', 'NDU', 1),
	(333, 24, 'Kab. Paniai', 'PAN', 1),
	(334, 24, 'Kab. Pegunungan Bintang', 'BTG', 1),
	(335, 24, 'Kab. Puncak', 'PCK', 1),
	(336, 24, 'Kab. Puncak Jaya', 'PCJ', 1),
	(337, 24, 'Kab. Sarmi', 'SAR', 1),
	(338, 24, 'Kab. Supiori', 'SUP', 1),
	(339, 24, 'Kab. Tolikara', 'TOL', 1),
	(340, 24, 'Kab. Waropen', 'WAR', 1),
	(341, 24, 'Kab. Yahukimo', 'YAH', 1),
	(342, 24, 'Kab. Yalimo', 'YAL', 1),
	(343, 25, 'Kab. Fakfak', 'FAK', 1),
	(344, 25, 'Kab. Kaimana', 'KAI', 1),
	(345, 25, 'Kab. Manokwari', 'MAN', 1),
	(346, 25, 'Kab. Manokwari Selatan', 'NOK', 1),
	(347, 25, 'Kab. Maybrat', 'May', 1),
	(348, 25, 'Kab. Pegunungan Arfak', 'PEG', 1),
	(349, 25, 'Kab. Raja Ampat', 'RAJ', 1),
	(350, 25, 'Kab. Sorong', 'SOR', 1),
	(351, 25, 'Kota Sorong', 'ORO', 1),
	(352, 25, 'Kab. Sorong Selatan', 'RON', 1),
	(353, 25, 'Kab. Tambrauw', 'TAM', 1),
	(354, 25, 'Kab. Teluk Bintuni', 'TEL', 1),
	(355, 25, 'Kab. Teluk Wondama', 'WON', 1),
	(356, 26, 'Kab. Bengkalis', 'BEN', 1),
	(357, 26, 'Kota Dumai', 'DUM', 1),
	(358, 26, 'Kab. Indragiri Hilir', 'IND', 1),
	(359, 26, 'Kab. Indragiri Hulu', 'HUL', 1),
	(360, 26, 'Kab. Kampar', 'KAM', 1),
	(361, 26, 'Kab. Kepulauan Meranti', 'PUL', 1),
	(362, 26, 'Kab. Kuantan Singingi', 'KUA', 1),
	(363, 26, 'Kota Pekanbaru', 'PEK', 1),
	(364, 26, 'Kab. Pelalawan', 'PEL', 1),
	(365, 26, 'Kab. Rokan Hilir', 'ROK', 1),
	(366, 26, 'Kab. Rokan Hulu', 'ULU', 1),
	(367, 26, 'Kab. Siak', 'SIA', 1),
	(368, 27, 'Kab. Majene', 'MAJ', 1),
	(369, 27, 'Kab. Mamasa', 'MAM', 1),
	(370, 27, 'Kab. Mamuju', 'UJU', 1),
	(371, 27, 'Kab. Mamuju Utara', 'UTA', 1),
	(372, 27, 'Kab. Polewali Mandar', 'POL', 1),
	(373, 28, 'Kab. Bantaeng', 'BAN', 1),
	(374, 28, 'Kab. Barru', 'BAR', 1),
	(375, 28, 'Kab. Bone', 'ONE', 1),
	(376, 28, 'Kab. Bulukumba', 'KUM', 1),
	(377, 28, 'Kab. Enrekang', 'ENR', 1),
	(378, 28, 'Kab. Gowa', 'GOW', 1),
	(379, 28, 'Kab. Jeneponto', 'JEN', 1),
	(380, 28, 'Kab. Luwu', 'LUW', 1),
	(381, 28, 'Kab. Luwu Timur', 'UWU', 1),
	(382, 28, 'Kab. Luwu Utara', 'WUU', 1),
	(383, 28, 'Kota Makassar', 'MAK', 1),
	(384, 28, 'Kab. Maros', 'Mar', 1),
	(385, 28, 'Kota Palopo', 'PAL', 1),
	(386, 28, 'Kab. Pangkajene Kepulauan', 'PKE', 1),
	(387, 28, 'Kota Parepare', 'PAR', 1),
	(388, 28, 'Kab. Pinrang', 'PIN', 1),
	(389, 28, 'Kab. Selayar (Kepulauan Selayar)', 'SEL', 1),
	(390, 28, 'Kab. Sidenreng Rappang/Rapang', 'SID', 1),
	(391, 28, 'Kab. Sinjai', 'SIN', 1),
	(392, 28, 'Kab. Soppeng', 'SOP', 1),
	(393, 28, 'Kab. Takalar', 'TAK', 1),
	(394, 28, 'Kab. Tana Toraja', 'TAN', 1),
	(395, 28, 'Kab. Toraja Utara', 'TOR', 1),
	(396, 28, 'Kab. Wajo', 'WAJ', 1),
	(397, 29, 'Kab. Banggai', 'BAN', 1),
	(398, 29, 'Kab. Banggai Kepulauan', 'ANG', 1),
	(399, 29, 'Kab. Buol', 'BUO', 1),
	(400, 29, 'Kab. Donggala', 'DON', 1),
	(401, 29, 'Kab. Morowali', 'ORO', 1),
	(402, 29, 'Kota Palu', 'ALU', 1),
	(403, 29, 'Kab. Parigi Moutong', 'ARI', 1),
	(404, 29, 'Kab. Poso', 'OSO', 1),
	(405, 29, 'Kab. Sigi', 'IGI', 1),
	(406, 29, 'Kab. Tojo Una-Una', 'OJO', 1),
	(407, 29, 'Kab. Toli-Toli', 'OLI', 1),
	(408, 30, 'Kota Bau-Bau', 'BAU', 1),
	(409, 30, 'Kab. Bombana', 'BOM', 1),
	(410, 30, 'Kab. Buton', 'BUT', 1),
	(411, 30, 'Kab. Buton Utara', 'UTO', 1),
	(412, 30, 'Kota Kendari', 'KEN', 1),
	(413, 30, 'Kab. Kolaka', 'KOL', 1),
	(414, 30, 'Kab. Kolaka Utara', 'AKA', 1),
	(415, 30, 'Kab. Konawe', 'ONA', 1),
	(416, 30, 'Kab. Konawe Selatan', 'AWE', 1),
	(417, 30, 'Kab. Konawe Utara', 'AWW', 1),
	(418, 30, 'Kab. Muna', 'UNA', 1),
	(419, 30, 'Kab. Wakatobi', 'AKA', 1),
	(420, 31, 'Kota Bitung', 'BIT', 1),
	(421, 31, 'Kab. Bolaang Mongondow (Bolmong)', 'OLA', 1),
	(422, 31, 'Kab. Bolaang Mongondow Selatan', 'LAA', 1),
	(423, 31, 'Kab. Bolaang Mongondow Timur', 'NGO', 1),
	(424, 31, 'Kab. Bolaang Mongondow Utara', 'DOW', 1),
	(425, 31, 'Kab. Kepulauan Sangihe', 'SAN', 1),
	(426, 31, 'Kab. Kepulauan Siau Tagulandang Biaro (Sitaro)', 'BIA', 1),
	(427, 31, 'Kab. Kepulauan Talaud', 'TAL', 1),
	(428, 31, 'Kota Kotamobagu', 'OTA', 1),
	(429, 31, 'Kota Manado', 'ANA', 1),
	(430, 31, 'Kab. Minahasa', 'INA', 1),
	(431, 31, 'Kab. Minahasa Selatan', 'HAS', 1),
	(432, 31, 'Kab. Minahasa Tenggara', 'TEN', 1),
	(433, 31, 'Kab. Minahasa Utara', 'UTA', 1),
	(434, 31, 'Kota Tomohon', 'OHO', 1),
	(435, 32, 'Kab. Agam', 'AGA', 1),
	(436, 32, 'Kota Bukittinggi', 'UKI', 1),
	(437, 32, 'Kab. Dharmasraya', 'DHA', 1),
	(438, 32, 'Kab. Kepulauan Mentawai', 'EPU', 1),
	(439, 32, 'Kab. Lima Puluh Koto/Kota', 'IMA', 1),
	(440, 32, 'Kota Padang', 'PAD', 1),
	(441, 32, 'Kota Padang Panjang', 'DAN', 1),
	(442, 32, 'Kab. Padang Pariaman', 'ANG', 1),
	(443, 32, 'Kota Pariaman', 'PAR', 1),
	(444, 32, 'Kab. Pasaman', 'PAS', 1),
	(445, 32, 'Kab. Pasaman Barat', 'BAR', 1),
	(446, 32, 'Kota Payakumbuh', 'PAY', 1),
	(447, 32, 'Kab. Pesisir Selatan', 'PES', 1),
	(448, 32, 'Kota Sawah Lunto', 'WAH', 1),
	(449, 32, 'Kab. Sijunjung (Sawah Lunto Sijunjung)', 'SIJ', 1),
	(450, 32, 'Kab. Solok', 'SOL', 1),
	(451, 32, 'Kota Solok', 'LOK', 1),
	(452, 32, 'Kab. Solok Selatan', 'SSL', 1),
	(453, 32, 'Kab. Tanah Datar', 'TDR', 1),
	(454, 33, 'Kab. Banyuasin', 'ANY', 1),
	(455, 33, 'Kab. Empat Lawang', 'EMP', 1),
	(456, 33, 'Kab. Lahat', 'AHA', 1),
	(457, 33, 'Kota Lubuk Linggau', 'UBU', 1),
	(458, 33, 'Kab. Muara Enim', 'UAR', 1),
	(459, 33, 'Kab. Musi Banyuasin', 'USI', 1),
	(460, 33, 'Kab. Musi Rawas', 'RAW', 1),
	(461, 33, 'Kab. Ogan Ilir', 'OGA', 1),
	(462, 33, 'Kab. Ogan Komering Ilir', 'KOM', 1),
	(463, 33, 'Kab. Ogan Komering Ulu', 'ERI', 1),
	(464, 33, 'Kab. Ogan Komering Ulu Selatan', 'SEL', 1),
	(465, 33, 'Kab. Ogan Komering Ulu Timur', 'TIM', 1),
	(466, 33, 'Kota Pagar Alam', 'LAM', 1),
	(467, 33, 'Kota Palembang', 'LEM', 1),
	(468, 33, 'Kota Prabumulih', 'ABU', 1),
	(469, 34, 'Kab. Asahan', 'SAH', 1),
	(470, 34, 'Kab. Batu Bara', 'BAT', 1),
	(471, 34, 'Kota Binjai', 'BIN', 1),
	(472, 34, 'Kab. Dairi', 'DAI', 1),
	(473, 34, 'Kab. Deli Serdang', 'DEL', 1),
	(474, 34, 'Kota Gunungsitoli', 'GUN', 1),
	(475, 34, 'Kab. Humbang Hasundutan', 'HUM', 1),
	(476, 34, 'Kab. Karo', 'KAR', 1),
	(477, 34, 'Kab. Labuhan Batu', 'LAB', 1),
	(478, 34, 'Kab. Labuhan Batu Selatan', 'TUS', 1),
	(479, 34, 'Kab. Labuhan Batu Utara', 'TUU', 1),
	(480, 34, 'Kab. Langkat', 'LAN', 1),
	(481, 34, 'Kab. Mandailing Natal', 'MAN', 1),
	(482, 34, 'Kota Medan', 'MED', 1),
	(483, 34, 'Kab. Nias', 'NIA', 1),
	(484, 34, 'Kab. Nias Barat', 'IAS', 1),
	(485, 34, 'Kab. Nias Selatan', 'ISA', 1),
	(486, 34, 'Kab. Nias Utara', 'ASI', 1),
	(487, 34, 'Kab. Padang Lawas', 'ADA', 1),
	(488, 34, 'Kab. Padang Lawas Utara', 'LAU', 1),
	(489, 34, 'Kota Padang Sidempuan', 'SDA', 1),
	(490, 34, 'Kab. Pakpak Bharat', 'PAK', 1),
	(491, 34, 'Kota Pematang Siantar', 'PEM', 1),
	(492, 34, 'Kab. Samosir', 'SAM', 1),
	(493, 34, 'Kab. Serdang Bedagai', 'SER', 1),
	(494, 34, 'Kota Sibolga', 'SIB', 1),
	(495, 34, 'Kab. Simalungun', 'SIM', 1),
	(496, 34, 'Kota Tanjung Balai', 'TAN', 1),
	(497, 34, 'Kab. Tapanuli Selatan', 'TAP', 1),
	(498, 34, 'Kab. Tapanuli Tengah', 'ULT', 1),
	(499, 34, 'Kab. Tapanuli Utara', 'UUU', 1),
	(500, 34, 'Kota Tebing Tinggi', 'TEB', 1),
	(501, 34, 'Kab. Toba Samosir', 'TOB', 1);
/*!40000 ALTER TABLE `dati2` ENABLE KEYS */;


-- Dumping structure for table commerce.kecamatan
CREATE TABLE IF NOT EXISTS `kecamatan` (
  `city_id` int(11) NOT NULL AUTO_INCREMENT,
  `zone_id` int(11) NOT NULL,
  `name` varchar(128) NOT NULL,
  `status` tinyint(1) NOT NULL DEFAULT '1',
  `sort_order` int(3) NOT NULL DEFAULT '0',
  PRIMARY KEY (`city_id`)
) ENGINE=MyISAM AUTO_INCREMENT=6515 DEFAULT CHARSET=utf8;

-- Dumping data for table commerce.kecamatan: 1,745 rows
/*!40000 ALTER TABLE `kecamatan` DISABLE KEYS */;
INSERT INTO `kecamatan` (`city_id`, `zone_id`, `name`, `status`, `sort_order`) VALUES
	(43, 7, 'Sidemen', 1, 0),
	(42, 7, 'Selat', 1, 0),
	(41, 7, 'Rendang', 1, 0),
	(40, 7, 'Manggis', 1, 0),
	(39, 7, 'Kubu', 1, 0),
	(38, 7, 'Karang Asem', 1, 0),
	(37, 7, 'Bebandem', 1, 0),
	(36, 7, 'Abang', 1, 0),
	(35, 6, 'Pekutatan', 1, 0),
	(34, 6, 'Negara', 1, 0),
	(33, 6, 'Mendoyo', 1, 0),
	(32, 6, 'Melaya', 1, 0),
	(31, 6, 'Jembrana', 1, 0),
	(30, 5, 'Ubud', 1, 0),
	(29, 5, 'Tegallalang', 1, 0),
	(28, 5, 'Tampak Siring', 1, 0),
	(27, 5, 'Sukawati', 1, 0),
	(26, 5, 'Payangan', 1, 0),
	(25, 5, 'Gianyar', 1, 0),
	(24, 5, 'Belah Batuh (Blahbatuh)', 1, 0),
	(23, 4, 'Denpasar Utara', 1, 0),
	(22, 4, 'Denpasar Timur', 1, 0),
	(21, 4, 'Denpasar Selatan', 1, 0),
	(20, 4, 'Denpasar Barat', 1, 0),
	(19, 3, 'Tejakula', 1, 0),
	(18, 3, 'Sukasada', 1, 0),
	(17, 3, 'Seririt', 1, 0),
	(16, 3, 'Sawan', 1, 0),
	(15, 3, 'Kubutambahan', 1, 0),
	(14, 3, 'Gerokgak', 1, 0),
	(13, 3, 'Busungbiu', 1, 0),
	(12, 3, 'Buleleng', 1, 0),
	(11, 2, 'Banjar', 1, 0),
	(10, 2, 'Tembuku', 1, 0),
	(9, 2, 'Susut', 1, 0),
	(8, 2, 'Kintamani', 1, 0),
	(7, 2, 'Bangli', 1, 0),
	(6, 1, 'Petang', 1, 0),
	(5, 1, 'Mengwi', 1, 0),
	(4, 1, 'Kuta Utara', 1, 0),
	(3, 1, 'Kuta Selatan', 1, 0),
	(2, 1, 'Kuta', 1, 0),
	(1, 1, 'Abiansemal', 1, 0),
	(44, 8, 'Banjarangkan', 1, 0),
	(45, 8, 'Dawan', 1, 0),
	(46, 8, 'Klungkung', 1, 0),
	(47, 8, 'Nusapenida', 1, 0),
	(48, 9, 'Baturiti', 1, 0),
	(49, 9, 'Kediri', 1, 0),
	(50, 9, 'Kerambitan', 1, 0),
	(51, 9, 'Marga', 1, 0),
	(52, 9, 'Penebel', 1, 0),
	(53, 9, 'Pupuan', 1, 0),
	(54, 9, 'Selemadeg', 1, 0),
	(55, 9, 'Selemadeg Barat', 1, 0),
	(56, 9, 'Selemadeg Timur', 1, 0),
	(57, 9, 'Tabanan', 1, 0),
	(58, 10, 'Bakam', 1, 0),
	(59, 10, 'Belinyu', 1, 0),
	(60, 10, 'Mendo Barat', 1, 0),
	(61, 10, 'Merawang', 1, 0),
	(62, 10, 'Pemali', 1, 0),
	(63, 10, 'Puding Besar', 1, 0),
	(64, 10, 'Riau Silip', 1, 0),
	(65, 10, 'Sungai Liat', 1, 0),
	(66, 11, 'Jebus', 1, 0),
	(67, 11, 'Kelapa', 1, 0),
	(68, 11, 'Mentok (Muntok)', 1, 0),
	(69, 11, 'Simpang Teritip', 1, 0),
	(70, 11, 'Tempilang', 1, 0),
	(71, 12, 'Air Gegas', 1, 0),
	(72, 12, 'Lepar Pongok', 1, 0),
	(73, 12, 'Payung', 1, 0),
	(74, 12, 'Pulau Besar', 1, 0),
	(75, 12, 'Simpang Rimba', 1, 0),
	(76, 12, 'Toboali', 1, 0),
	(77, 12, 'Tukak Sadai', 1, 0),
	(78, 13, 'Koba', 1, 0),
	(79, 13, 'Lubuk Besar', 1, 0),
	(80, 13, 'Namang', 1, 0),
	(81, 13, 'Pangkalan Baru', 1, 0),
	(82, 13, 'Simpang Katis', 1, 0),
	(83, 13, 'Sungai Selan', 1, 0),
	(84, 14, 'Badau', 1, 0),
	(85, 14, 'Membalong', 1, 0),
	(86, 14, 'Selat Nasik', 1, 0),
	(87, 14, 'Sijuk', 1, 0),
	(88, 14, 'Tanjung Pandan', 1, 0),
	(89, 15, 'Dendang', 1, 0),
	(90, 15, 'Gantung', 1, 0),
	(91, 15, 'Kelapa Kampit', 1, 0),
	(92, 15, 'Manggar', 1, 0),
	(93, 16, 'Bukit Intan', 1, 0),
	(94, 16, 'Gerunggang', 1, 0),
	(95, 16, 'Pangkal Balam', 1, 0),
	(96, 16, 'Rangkui', 1, 0),
	(97, 16, 'Taman Sari', 1, 0),
	(98, 17, 'Cibeber', 1, 0),
	(99, 17, 'Cilegon', 1, 0),
	(100, 17, 'Citangkil', 1, 0),
	(101, 17, 'Ciwandan', 1, 0),
	(102, 17, 'Gerogol', 1, 0),
	(103, 17, 'Jombang', 1, 0),
	(104, 17, 'Pulomerak', 1, 0),
	(105, 17, 'Purwakarta', 1, 0),
	(106, 18, 'Banjarsari', 1, 0),
	(107, 18, 'Bayah', 1, 0),
	(108, 18, 'Bojongmanik', 1, 0),
	(109, 18, 'Cibadak', 1, 0),
	(110, 18, 'Cibeber', 1, 0),
	(111, 18, 'Cigemblong', 1, 0),
	(112, 18, 'Cihara', 1, 0),
	(113, 18, 'Cijaku', 1, 0),
	(114, 18, 'Cikulur', 1, 0),
	(115, 18, 'Cileles', 1, 0),
	(116, 18, 'Cilograng', 1, 0),
	(117, 18, 'Cimarga', 1, 0),
	(118, 18, 'Cipanas', 1, 0),
	(119, 18, 'Cirinten', 1, 0),
	(120, 18, 'Curugbitung', 1, 0),
	(121, 18, 'Gunung Kencana', 1, 0),
	(122, 18, 'Kalanganyar', 1, 0),
	(123, 18, 'Lebakgedong', 1, 0),
	(124, 18, 'Leuwidamar', 1, 0),
	(125, 18, 'Maja', 1, 0),
	(126, 18, 'Malingping', 1, 0),
	(127, 18, 'Muncang', 1, 0),
	(128, 18, 'Panggarangan', 1, 0),
	(129, 18, 'Rangkasbitung', 1, 0),
	(130, 18, 'Sajira', 1, 0),
	(131, 18, 'Sobang', 1, 0),
	(132, 18, 'Wanasalam', 1, 0),
	(133, 18, 'Warunggunung', 1, 0),
	(134, 19, 'Angsana', 1, 0),
	(135, 19, 'Banjar', 1, 0),
	(136, 19, 'Bojong', 1, 0),
	(137, 19, 'Cadasari', 1, 0),
	(138, 19, 'Carita', 1, 0),
	(139, 19, 'Cibaliung', 1, 0),
	(140, 19, 'Cibitung', 1, 0),
	(141, 19, 'Cigeulis', 1, 0),
	(142, 19, 'Cikeudal (Cikedal)', 1, 0),
	(143, 19, 'Cikeusik', 1, 0),
	(144, 19, 'Cimanggu', 1, 0),
	(145, 19, 'Cimanuk', 1, 0),
	(146, 19, 'Cipeucang', 1, 0),
	(147, 19, 'Cisata', 1, 0),
	(148, 19, 'Jiput', 1, 0),
	(149, 19, 'Kaduhejo', 1, 0),
	(150, 19, 'Karang Tanjung', 1, 0),
	(151, 19, 'Koroncong', 1, 0),
	(152, 19, 'Labuan', 1, 0),
	(153, 19, 'Majasari', 1, 0),
	(154, 19, 'Mandalawangi', 1, 0),
	(155, 19, 'Mekarjaya', 1, 0),
	(156, 19, 'Menes', 1, 0),
	(157, 19, 'Munjul', 1, 0),
	(158, 19, 'Pagelaran', 1, 0),
	(159, 19, 'Pandeglang', 1, 0),
	(160, 19, 'Panimbang', 1, 0),
	(161, 19, 'Patia', 1, 0),
	(162, 19, 'Picung', 1, 0),
	(163, 19, 'Pulosari', 1, 0),
	(164, 19, 'Saketi', 1, 0),
	(165, 19, 'Sindangresmi', 1, 0),
	(166, 19, 'Sobang', 1, 0),
	(167, 19, 'Sukaresmi', 1, 0),
	(168, 19, 'Sumur', 1, 0),
	(169, 21, 'Cipocok Jaya', 1, 0),
	(170, 21, 'Curug', 1, 0),
	(171, 21, 'Kasemen', 1, 0),
	(172, 21, 'Serang', 1, 0),
	(173, 21, 'Taktakan', 1, 0),
	(174, 21, 'Walantaka', 1, 0),
	(175, 20, 'Anyer/Anyar', 1, 0),
	(176, 20, 'Bandung', 1, 0),
	(177, 20, 'Baros', 1, 0),
	(178, 20, 'Binuang', 1, 0),
	(179, 20, 'Bojonegara', 1, 0),
	(180, 20, 'Carenang', 1, 0),
	(181, 20, 'Cikande', 1, 0),
	(182, 20, 'Cikeusal', 1, 0),
	(183, 20, 'Cinangka', 1, 0),
	(184, 20, 'Ciomas', 1, 0),
	(185, 20, 'Ciruas', 1, 0),
	(186, 20, 'Gunungsari', 1, 0),
	(187, 20, 'Jawilan', 1, 0),
	(188, 20, 'Kibin', 1, 0),
	(189, 20, 'Kopo', 1, 0),
	(190, 20, 'Kragilan', 1, 0),
	(191, 20, 'Kramatwatu', 1, 0),
	(192, 20, 'Mancak', 1, 0),
	(193, 20, 'Pabuaran', 1, 0),
	(194, 20, 'Padarincang', 1, 0),
	(195, 20, 'Pamarayan', 1, 0),
	(196, 20, 'Petir', 1, 0),
	(197, 20, 'Pontang', 1, 0),
	(198, 20, 'Pulo Ampel', 1, 0),
	(199, 20, 'Tanara', 1, 0),
	(200, 20, 'Tirtayasa', 1, 0),
	(201, 20, 'Tunjung Teja', 1, 0),
	(202, 20, 'Waringin Kurung', 1, 0),
	(203, 22, 'Batuceper', 1, 0),
	(204, 22, 'Benda', 1, 0),
	(205, 22, 'Cibodas', 1, 0),
	(206, 22, 'Ciledug', 1, 0),
	(207, 22, 'Cipondoh', 1, 0),
	(208, 22, 'Jatiuwung', 1, 0),
	(209, 22, 'Karang Tengah', 1, 0),
	(210, 22, 'Karawaci', 1, 0),
	(211, 22, 'Larangan', 1, 0),
	(212, 22, 'Neglasari', 1, 0),
	(213, 22, 'Periuk', 1, 0),
	(214, 22, 'Pinang (Penang)', 1, 0),
	(215, 22, 'Tangerang', 1, 0),
	(216, 23, 'Balaraja', 1, 0),
	(217, 23, 'Cikupa', 1, 0),
	(218, 23, 'Cisauk', 1, 0),
	(219, 23, 'Cisoka', 1, 0),
	(220, 23, 'Curug', 1, 0),
	(221, 23, 'Gunung Kaler', 1, 0),
	(222, 23, 'Jambe', 1, 0),
	(223, 23, 'Jayanti', 1, 0),
	(224, 23, 'Kelapa Dua', 1, 0),
	(225, 23, 'Kemiri', 1, 0),
	(226, 23, 'Kosambi', 1, 0),
	(227, 23, 'Kresek', 1, 0),
	(228, 23, 'Kronjo', 1, 0),
	(229, 23, 'Legok', 1, 0),
	(230, 23, 'Mauk', 1, 0),
	(231, 23, 'Mekar Baru', 1, 0),
	(232, 23, 'Pagedangan', 1, 0),
	(233, 23, 'Pakuhaji', 1, 0),
	(234, 23, 'Panongan', 1, 0),
	(235, 23, 'Pasar Kemis', 1, 0),
	(236, 23, 'Rajeg', 1, 0),
	(237, 23, 'Sepatan', 1, 0),
	(238, 23, 'Sepatan Timur', 1, 0),
	(239, 23, 'Sindang Jaya', 1, 0),
	(240, 23, 'Solear', 1, 0),
	(241, 23, 'Sukadiri', 1, 0),
	(242, 23, 'Sukamulya', 1, 0),
	(243, 23, 'Teluknaga', 1, 0),
	(244, 23, 'Tigaraksa', 1, 0),
	(245, 24, 'Ciputat', 1, 0),
	(246, 24, 'Ciputat Timur', 1, 0),
	(247, 24, 'Pamulang', 1, 0),
	(248, 24, 'Pondok Aren', 1, 0),
	(249, 24, 'Serpong', 1, 0),
	(250, 24, 'Serpong Utara', 1, 0),
	(251, 24, 'Setu', 1, 0),
	(252, 25, 'Gading Cempaka', 1, 0),
	(253, 25, 'Kampung Melayu', 1, 0),
	(254, 25, 'Muara Bangka Hulu', 1, 0),
	(255, 25, 'Ratu Agung', 1, 0),
	(256, 25, 'Ratu Samban', 1, 0),
	(257, 25, 'Selebar', 1, 0),
	(258, 25, 'Sungai Serut', 1, 0),
	(259, 25, 'Teluk Segara', 1, 0),
	(260, 26, 'Air Nipis', 1, 0),
	(261, 26, 'Bunga Mas', 1, 0),
	(262, 26, 'Kedurang', 1, 0),
	(263, 26, 'Kedurang Ilir', 1, 0),
	(264, 26, 'Kota Manna', 1, 0),
	(265, 26, 'Manna', 1, 0),
	(266, 26, 'Pasar Manna', 1, 0),
	(267, 26, 'Pino', 1, 0),
	(268, 26, 'Pinoraya', 1, 0),
	(269, 26, 'Seginim', 1, 0),
	(270, 26, 'Ulu Manna', 1, 0),
	(271, 27, 'Karang Tinggi', 1, 0),
	(272, 27, 'Pagar Jati', 1, 0),
	(273, 27, 'Pematang Tiga', 1, 0),
	(274, 27, 'Pondok Kelapa', 1, 0),
	(275, 27, 'Taba Penanjung', 1, 0),
	(276, 27, 'Talang Empat', 1, 0),
	(277, 28, 'Air Besi', 1, 0),
	(278, 28, 'Air Napal', 1, 0),
	(279, 28, 'Arga Makmur', 1, 0),
	(280, 28, 'Batik Nau', 1, 0),
	(281, 28, 'Enggano', 1, 0),
	(282, 28, 'Giri Mulia', 1, 0),
	(283, 28, 'Kerkap', 1, 0),
	(284, 28, 'Ketahun', 1, 0),
	(285, 28, 'Lais', 1, 0),
	(286, 28, 'Napal Putih', 1, 0),
	(287, 28, 'Padang Jaya', 1, 0),
	(288, 28, 'Putri Hijau', 1, 0),
	(289, 29, 'Kaur Selatan', 1, 0),
	(290, 29, 'Kaur Tengah', 1, 0),
	(291, 29, 'Kaur Selatan', 1, 0),
	(292, 29, 'Kaur Tengah', 1, 0),
	(293, 29, 'Kaur Utara', 1, 0),
	(294, 29, 'Kelam Tengah', 1, 0),
	(295, 29, 'Kinal', 1, 0),
	(296, 29, 'Luas', 1, 0),
	(297, 29, 'Lungkang Kule', 1, 0),
	(298, 29, 'Maje', 1, 0),
	(299, 29, 'Muara Sahung', 1, 0),
	(300, 29, 'Nasal', 1, 0),
	(301, 29, 'Padang Guci Hilir', 1, 0),
	(302, 29, 'Padang Guci Hulu', 1, 0),
	(303, 29, 'Semidang Gumai (Gumay)', 1, 0),
	(304, 29, 'Tanjung Kemuning', 1, 0),
	(305, 29, 'Tetap (Muara Tetap)', 1, 0),
	(306, 30, 'Bermani Ilir', 1, 0),
	(307, 30, 'Kebawetan (Kabawetan)', 1, 0),
	(308, 30, 'Kepahiang', 1, 0),
	(309, 30, 'Merigi', 1, 0),
	(310, 30, 'Muara Kemumu', 1, 0),
	(311, 30, 'Seberang Musi', 1, 0),
	(312, 30, 'Tebat Karai', 1, 0),
	(313, 30, 'Ujan Mas', 1, 0),
	(314, 31, 'Lebong Atas', 1, 0),
	(315, 31, 'Lebong Selatan', 1, 0),
	(316, 31, 'Lebong Tengah', 1, 0),
	(317, 31, 'Lebong Utara', 1, 0),
	(318, 31, 'Rimbo Pengadang', 1, 0),
	(319, 32, 'Air Dikit', 1, 0),
	(320, 32, 'Air Majunto', 1, 0),
	(321, 32, 'Air Rami', 1, 0),
	(322, 32, 'Lubuk Pinang', 1, 0),
	(323, 32, 'Malin Deman', 1, 0),
	(324, 32, 'Muko-Muko Selatan', 1, 0),
	(325, 32, 'Mukomuko Utara', 1, 0),
	(326, 32, 'Penarik', 1, 0),
	(327, 32, 'Pondok Suguh', 1, 0),
	(328, 32, 'Selagan Raya', 1, 0),
	(329, 32, 'Sungai Rumbai', 1, 0),
	(330, 32, 'Teramang Jaya', 1, 0),
	(331, 32, 'Teras Terunjam', 1, 0),
	(332, 32, 'V Koto', 1, 0),
	(333, 32, 'XIV Koto', 1, 0),
	(334, 33, 'Bermani Ulu', 1, 0),
	(335, 33, 'Bermani Ulu Raya', 1, 0),
	(336, 33, 'Binduriang', 1, 0),
	(337, 33, 'Curup', 1, 0),
	(338, 33, 'Curup Selatan', 1, 0),
	(339, 33, 'Curup Tengah', 1, 0),
	(340, 33, 'Curup Timur', 1, 0),
	(341, 33, 'Curup Utara', 1, 0),
	(342, 33, 'Kota Padang', 1, 0),
	(343, 33, 'Padang Ulak Tanding', 1, 0),
	(344, 33, 'Selupu Rejang', 1, 0),
	(345, 33, 'Sindang Beliti Ilir', 1, 0),
	(346, 33, 'Sindang Beliti Ulu', 1, 0),
	(347, 33, 'Sindang Daratan', 1, 0),
	(348, 33, 'Sindang Kelingi', 1, 0),
	(349, 34, 'Air Periukan', 1, 0),
	(350, 34, 'Ilir Talo', 1, 0),
	(351, 34, 'Lubuk Sandi', 1, 0),
	(352, 34, 'Seluma', 1, 0),
	(353, 34, 'Seluma Barat', 1, 0),
	(354, 34, 'Seluma Selatan', 1, 0),
	(355, 34, 'Seluma Timur', 1, 0),
	(356, 34, 'Seluma Utara', 1, 0),
	(357, 34, 'Semidang Alas', 1, 0),
	(358, 34, 'Semidang Alas Maras', 1, 0),
	(359, 34, 'Sukaraja', 1, 0),
	(360, 34, 'Talo', 1, 0),
	(361, 34, 'Talo Kecil', 1, 0),
	(362, 34, 'Ulu Talo', 1, 0),
	(363, 35, 'Bambang Lipuro', 1, 0),
	(364, 35, 'Banguntapan', 1, 0),
	(365, 35, 'Bantul', 1, 0),
	(366, 35, 'Dlingo', 1, 0),
	(367, 35, 'Imogiri', 1, 0),
	(368, 35, 'Jetis', 1, 0),
	(369, 35, 'Kasihan', 1, 0),
	(370, 35, 'Kretek', 1, 0),
	(371, 35, 'Pajangan', 1, 0),
	(372, 35, 'Pandak', 1, 0),
	(373, 35, 'Piyungan', 1, 0),
	(374, 35, 'Pleret', 1, 0),
	(375, 35, 'Pundong', 1, 0),
	(376, 35, 'Sanden', 1, 0),
	(377, 35, 'Sedayu', 1, 0),
	(378, 35, 'Sewon', 1, 0),
	(379, 35, 'Srandakan', 1, 0),
	(380, 36, 'Gedang Sari', 1, 0),
	(381, 36, 'Girisubo', 1, 0),
	(382, 36, 'Karangmojo', 1, 0),
	(383, 36, 'Ngawen', 1, 0),
	(384, 36, 'Nglipar', 1, 0),
	(385, 36, 'Paliyan', 1, 0),
	(386, 36, 'Panggang', 1, 0),
	(387, 36, 'Patuk', 1, 0),
	(388, 36, 'Playen', 1, 0),
	(389, 36, 'Ponjong', 1, 0),
	(390, 36, 'Purwosari', 1, 0),
	(391, 36, 'Rongkop', 1, 0),
	(392, 36, 'Sapto Sari', 1, 0),
	(393, 36, 'Semanu', 1, 0),
	(394, 36, 'Semin', 1, 0),
	(395, 36, 'Tanjungsari', 1, 0),
	(396, 36, 'Tepus', 1, 0),
	(397, 36, 'Wonosari', 1, 0),
	(398, 37, 'Galur', 1, 0),
	(399, 37, 'Girimulyo', 1, 0),
	(400, 37, 'Kalibawang', 1, 0),
	(401, 37, 'Kokap', 1, 0),
	(402, 37, 'Lendah', 1, 0),
	(403, 37, 'Nanggulan', 1, 0),
	(404, 37, 'Panjatan', 1, 0),
	(405, 37, 'Pengasih', 1, 0),
	(406, 37, 'Samigaluh', 1, 0),
	(407, 37, 'Sentolo', 1, 0),
	(408, 37, 'Temon', 1, 0),
	(409, 37, 'Wates', 1, 0),
	(410, 38, 'Berbah', 1, 0),
	(411, 38, 'Cangkringan', 1, 0),
	(412, 38, 'Depok', 1, 0),
	(413, 38, 'Gamping', 1, 0),
	(414, 38, 'Godean', 1, 0),
	(415, 38, 'Kalasan', 1, 0),
	(416, 38, 'Minggir', 1, 0),
	(417, 38, 'Mlati', 1, 0),
	(418, 38, 'Moyudan', 1, 0),
	(419, 38, 'Ngaglik', 1, 0),
	(420, 38, 'Ngemplak', 1, 0),
	(421, 38, 'Pakem', 1, 0),
	(422, 38, 'Prambanan', 1, 0),
	(423, 38, 'Seyegan', 1, 0),
	(424, 38, 'Sleman', 1, 0),
	(425, 38, 'Tempel', 1, 0),
	(426, 38, 'Turi', 1, 0),
	(427, 39, 'Danurejan', 1, 0),
	(428, 39, 'Gedong Tengen', 1, 0),
	(429, 39, 'Gondokusuman', 1, 0),
	(430, 39, 'Gondomanan', 1, 0),
	(431, 39, 'Jetis', 1, 0),
	(432, 39, 'Kotagede', 1, 0),
	(433, 39, 'Kraton', 1, 0),
	(434, 39, 'Mantrijeron', 1, 0),
	(435, 39, 'Mergangsan', 1, 0),
	(436, 39, 'Ngampilan', 1, 0),
	(437, 39, 'Pakualaman', 1, 0),
	(438, 39, 'Tegalrejo', 1, 0),
	(439, 39, 'Umbulharjo', 1, 0),
	(440, 39, 'Wirobrajan', 1, 0),
	(441, 40, 'Cengkareng', 1, 0),
	(442, 40, 'Grogol Petamburan', 1, 0),
	(443, 40, 'Kalideres', 1, 0),
	(444, 40, 'Kebon Jeruk', 1, 0),
	(445, 40, 'Kembangan', 1, 0),
	(446, 40, 'Palmerah', 1, 0),
	(447, 40, 'Taman Sari', 1, 0),
	(448, 40, 'Tambora', 1, 0),
	(449, 41, 'Cempaka Putih', 1, 0),
	(450, 41, 'Gambir', 1, 0),
	(451, 41, 'Johar Baru', 1, 0),
	(452, 41, 'Kemayoran', 1, 0),
	(453, 41, 'Menteng', 1, 0),
	(454, 41, 'Sawah Besar', 1, 0),
	(455, 41, 'Senen', 1, 0),
	(456, 41, 'Tanah Abang', 1, 0),
	(457, 42, 'Cilandak', 1, 0),
	(458, 42, 'Jagakarsa', 1, 0),
	(459, 42, 'Kebayoran Baru', 1, 0),
	(460, 42, 'Kebayoran Lama', 1, 0),
	(461, 42, 'Mampang Prapatan', 1, 0),
	(462, 42, 'Pancoran', 1, 0),
	(463, 42, 'Pasar Minggu', 1, 0),
	(464, 42, 'Pesanggrahan', 1, 0),
	(465, 42, 'Setia Budi', 1, 0),
	(466, 42, 'Tebet', 1, 0),
	(467, 43, 'Cakung', 1, 0),
	(468, 43, 'Cipayung', 1, 0),
	(469, 43, 'Ciracas', 1, 0),
	(470, 43, 'Duren Sawit', 1, 0),
	(471, 43, 'Jatinegara', 1, 0),
	(472, 43, 'Kramat Jati', 1, 0),
	(473, 43, 'Makasar', 1, 0),
	(474, 43, 'Matraman', 1, 0),
	(475, 43, 'Pasar Rebo', 1, 0),
	(476, 43, 'Pulo Gadung', 1, 0),
	(477, 44, 'Cilincing', 1, 0),
	(478, 44, 'Kelapa Gading', 1, 0),
	(479, 44, 'Koja', 1, 0),
	(480, 44, 'Pademangan', 1, 0),
	(481, 44, 'Penjaringan', 1, 0),
	(482, 44, 'Tanjung Priok', 1, 0),
	(483, 45, 'Kepulauan Seribu Selatan', 1, 0),
	(484, 45, 'Kepulauan Seribu Utara', 1, 0),
	(485, 46, 'Botumoita (Botumoito)', 1, 0),
	(486, 46, 'Dulupi', 1, 0),
	(487, 46, 'Mananggu', 1, 0),
	(488, 46, 'Paguyaman', 1, 0),
	(489, 46, 'Paguyaman Pantai', 1, 0),
	(490, 46, 'Tilamuta', 1, 0),
	(491, 46, 'Wonosari', 1, 0),
	(492, 47, 'Bone', 1, 0),
	(493, 47, 'Bone Raya', 1, 0),
	(494, 47, 'Bonepantai', 1, 0),
	(495, 47, 'Botu Pingge', 1, 0),
	(496, 47, 'Bulango Selatan', 1, 0),
	(497, 47, 'Bulango Timur', 1, 0),
	(498, 47, 'Bulango Ulu', 1, 0),
	(499, 47, 'Bulango Utara', 1, 0),
	(500, 47, 'Bulawa', 1, 0),
	(501, 47, 'Kabila', 1, 0),
	(502, 47, 'Kabila Bone', 1, 0),
	(503, 47, 'Suwawa', 1, 0),
	(504, 47, 'Suwawa Selatan', 1, 0),
	(505, 47, 'Suwawa Tengah', 1, 0),
	(506, 47, 'Suwawa Timur', 1, 0),
	(507, 47, 'Tapa', 1, 0),
	(508, 47, 'Tilongkabila', 1, 0),
	(509, 49, 'Dungingi', 1, 0),
	(510, 49, 'Kota Barat', 1, 0),
	(511, 49, 'Kota Selatan', 1, 0),
	(512, 49, 'Kota Tengah', 1, 0),
	(513, 49, 'Kota Timur', 1, 0),
	(514, 49, 'Kota Utara', 1, 0),
	(515, 48, 'Asparaga', 1, 0),
	(516, 48, 'Batudaa', 1, 0),
	(517, 48, 'Batudaa Pantai', 1, 0),
	(518, 48, 'Biluhu', 1, 0),
	(519, 48, 'Boliohuto (Boliyohuto)', 1, 0),
	(520, 48, 'Bongomeme', 1, 0),
	(521, 48, 'Limboto', 1, 0),
	(522, 48, 'Limboto Barat', 1, 0),
	(523, 48, 'Mootilango', 1, 0),
	(524, 48, 'Pulubala', 1, 0),
	(525, 48, 'Tabongo', 1, 0),
	(526, 48, 'Telaga', 1, 0),
	(527, 48, 'Telaga Biru', 1, 0),
	(528, 48, 'Telaga Jaya', 1, 0),
	(529, 48, 'Tibawa', 1, 0),
	(530, 48, 'Tilango', 1, 0),
	(531, 48, 'Tolangohula', 1, 0),
	(532, 50, 'Anggrek', 1, 0),
	(533, 50, 'Atinggola', 1, 0),
	(534, 50, 'Kwandang', 1, 0),
	(535, 50, 'Sumalata', 1, 0),
	(536, 50, 'Tolinggula', 1, 0),
	(537, 51, 'Buntulia', 1, 0),
	(538, 51, 'Dengilo', 1, 0),
	(539, 51, 'Duhiadaa', 1, 0),
	(540, 51, 'Lemito', 1, 0),
	(541, 51, 'Marisa', 1, 0),
	(542, 51, 'Paguat', 1, 0),
	(543, 51, 'Patilanggio', 1, 0),
	(544, 51, 'Popayato', 1, 0),
	(545, 51, 'Popayato Barat', 1, 0),
	(546, 51, 'Popayato Timur', 1, 0),
	(547, 51, 'Randangan', 1, 0),
	(548, 51, 'Taluduti', 1, 0),
	(549, 51, 'Wanggarasi', 1, 0),
	(550, 52, 'Bajubang', 1, 0),
	(551, 52, 'Batin XXIV', 1, 0),
	(552, 52, 'Maro Sebo Ilir', 1, 0),
	(553, 52, 'Maro Sebo Ulu', 1, 0),
	(554, 52, 'Mersam', 1, 0),
	(555, 52, 'Muara Bulian', 1, 0),
	(556, 52, 'Muara Tembesi', 1, 0),
	(557, 52, 'Pemayung', 1, 0),
	(558, 53, 'Bathin II Babeko', 1, 0),
	(559, 53, 'Bathin II Pelayang', 1, 0),
	(560, 53, 'Bathin III', 1, 0),
	(561, 53, 'Bathin III Ulu', 1, 0),
	(562, 53, 'Bungo Dani', 1, 0),
	(563, 53, 'Jujuhan', 1, 0),
	(564, 53, 'Jujuhan Ilir', 1, 0),
	(565, 53, 'Limbur Lubuk Mengkuang', 1, 0),
	(566, 53, 'Muko-Muko Batin VII', 1, 0),
	(567, 53, 'Pasar Muara Bungo', 1, 0),
	(568, 53, 'Pelepat', 1, 0),
	(569, 53, 'Pelepat Ilir', 1, 0),
	(570, 53, 'Rantau Pandan', 1, 0),
	(571, 53, 'Rimbo Tengah', 1, 0),
	(572, 53, 'Tanah Sepenggal', 1, 0),
	(573, 53, 'Tanah Sepenggal Lintas', 1, 0),
	(574, 53, 'Tanah Tumbuh', 1, 0),
	(575, 54, 'Danau Teluk', 1, 0),
	(576, 54, 'Jambi Selatan', 1, 0),
	(577, 54, 'Jambi Timur', 1, 0),
	(578, 54, 'Jelutung', 1, 0),
	(579, 54, 'Kota Baru', 1, 0),
	(580, 54, 'Pasar Jambi', 1, 0),
	(581, 54, 'Pelayangan', 1, 0),
	(582, 54, 'Telanaipura', 1, 0),
	(583, 55, 'Air Hangat', 1, 0),
	(584, 55, 'Air Hangat Timur', 1, 0),
	(585, 55, 'Batang Merangin', 1, 0),
	(586, 55, 'Danau Kerinci', 1, 0),
	(587, 55, 'Depati Tujuh', 1, 0),
	(588, 55, 'Gunung Kerinci', 1, 0),
	(589, 55, 'Gunung Raya', 1, 0),
	(590, 55, 'Gunung Tujuh', 1, 0),
	(591, 55, 'Kayu Aro', 1, 0),
	(592, 55, 'Keliling Danau', 1, 0),
	(593, 55, 'Sitinjau Laut', 1, 0),
	(594, 55, 'Siulak', 1, 0),
	(595, 56, 'Bangko', 1, 0),
	(596, 56, 'Bangko Barat', 1, 0),
	(597, 56, 'Batang Masumai', 1, 0),
	(598, 56, 'Jangkat', 1, 0),
	(599, 56, 'Lembah Masurai', 1, 0),
	(600, 56, 'Margo Tabir', 1, 0),
	(601, 56, 'Muara Siau', 1, 0),
	(602, 56, 'Nalo Tantan', 1, 0),
	(603, 56, 'Pamenang', 1, 0),
	(604, 56, 'Pamenang Barat', 1, 0),
	(605, 56, 'Pamenang Selatan', 1, 0),
	(606, 56, 'Pangkalan Jambu', 1, 0),
	(607, 56, 'Renah Pembarap', 1, 0),
	(608, 56, 'Renah Pemenang', 1, 0),
	(609, 56, 'Sungai Manau', 1, 0),
	(610, 56, 'Sungai Tenang', 1, 0),
	(611, 56, 'Tabir', 1, 0),
	(612, 56, 'Tabir Ilir', 1, 0),
	(613, 56, 'Tabir Lintas', 1, 0),
	(614, 56, 'Tabir Selatan', 1, 0),
	(615, 56, 'Tabir Timur', 1, 0),
	(616, 56, 'Tabir Ulu', 1, 0),
	(617, 56, 'Tanah Barat', 1, 0),
	(618, 56, 'Tiang Pumpung', 1, 0),
	(619, 57, 'Jambi Luar Kota', 1, 0),
	(620, 57, 'Kumpeh', 1, 0),
	(621, 57, 'Kumpeh Ulu', 1, 0),
	(622, 57, 'Maro Sebo', 1, 0),
	(623, 57, 'Mestong', 1, 0),
	(624, 57, 'Sekernan', 1, 0),
	(625, 57, 'Sungai Bahar', 1, 0),
	(626, 57, 'Sungai Gelam', 1, 0),
	(627, 58, 'Air Hitam', 1, 0),
	(628, 58, 'Batang Asai', 1, 0),
	(629, 58, 'Bathin VIII (Batin VIII)', 1, 0),
	(630, 58, 'Cermin Nan Gadang', 1, 0),
	(631, 58, 'Limun', 1, 0),
	(632, 58, 'Mandiangin', 1, 0),
	(633, 58, 'Pauh', 1, 0),
	(634, 58, 'Pelawan', 1, 0),
	(635, 58, 'Sarolangun', 1, 0),
	(636, 58, 'Singkut', 1, 0),
	(637, 59, 'Hamparan Rawang', 1, 0),
	(638, 59, 'Kumun Debai', 1, 0),
	(639, 59, 'Pesisir Bukit', 1, 0),
	(640, 59, 'Sungai Penuh', 1, 0),
	(641, 59, 'Tanah Kampung', 1, 0),
	(642, 60, 'Batang Asam', 1, 0),
	(643, 60, 'Betara', 1, 0),
	(644, 60, 'Bram Itam', 1, 0),
	(645, 60, 'Kuala Betara', 1, 0),
	(646, 60, 'Merlung', 1, 0),
	(647, 60, 'Muara Papalik', 1, 0),
	(648, 60, 'Pengabuan', 1, 0),
	(649, 60, 'Renah Mendaluh', 1, 0),
	(650, 60, 'Seberang Kota', 1, 0),
	(651, 60, 'Senyerang', 1, 0),
	(652, 60, 'Tebing Tinggi', 1, 0),
	(653, 60, 'Tungkal Ilir', 1, 0),
	(654, 60, 'Tungkal Ulu', 1, 0),
	(655, 61, 'Berbak', 1, 0),
	(656, 61, 'Dendang', 1, 0),
	(657, 61, 'Geragai', 1, 0),
	(658, 61, 'Kuala Jambi', 1, 0),
	(659, 61, 'Mendahara', 1, 0),
	(660, 61, 'Mendahara Ulu', 1, 0),
	(661, 61, 'Muara Sabak Barat', 1, 0),
	(662, 61, 'Muara Sabak Timur', 1, 0),
	(663, 61, 'Nipah Panjang', 1, 0),
	(664, 61, 'Rantau Rasau', 1, 0),
	(665, 61, 'Sadu', 1, 0),
	(666, 62, 'Muara Tabir', 1, 0),
	(667, 62, 'Rimbo Bujang', 1, 0),
	(668, 62, 'Rimbo Ilir', 1, 0),
	(669, 62, 'Rimbo Ulu', 1, 0),
	(670, 62, 'Serai Serumpun', 1, 0),
	(671, 62, 'Sumay', 1, 0),
	(672, 62, 'Tebo Ilir', 1, 0),
	(673, 62, 'Tebo Tengah', 1, 0),
	(674, 62, 'Tebo Ulu', 1, 0),
	(675, 62, 'Tengah Ilir', 1, 0),
	(676, 62, 'VII Koto', 1, 0),
	(677, 62, 'VII Koto Ilir', 1, 0),
	(678, 64, 'Andir', 1, 0),
	(679, 64, 'Antapani (Cicadas)', 1, 0),
	(680, 64, 'Arcamanik', 1, 0),
	(681, 64, 'Astana Anyar', 1, 0),
	(682, 64, 'Babakan Ciparay', 1, 0),
	(683, 64, 'Bandung Kidul', 1, 0),
	(684, 64, 'Bandung Kulon', 1, 0),
	(685, 64, 'Bandung Wetan', 1, 0),
	(686, 64, 'Batununggal', 1, 0),
	(687, 64, 'Bojongloa Kaler', 1, 0),
	(688, 64, 'Bojongloa Kidul', 1, 0),
	(689, 64, 'Buahbatu (Margacinta)', 1, 0),
	(690, 64, 'Cibeunying Kaler', 1, 0),
	(691, 64, 'Cibeunying Kidul', 1, 0),
	(692, 64, 'Cibiru', 1, 0),
	(693, 64, 'Cicendo', 1, 0),
	(694, 64, 'Cidadap', 1, 0),
	(695, 64, 'Cinambo', 1, 0),
	(696, 64, 'Coblong', 1, 0),
	(697, 64, 'Gedebage', 1, 0),
	(698, 64, 'Kiaracondong', 1, 0),
	(699, 64, 'Lengkong', 1, 0),
	(700, 64, 'Mandalajati', 1, 0),
	(701, 64, 'Panyileukan', 1, 0),
	(702, 64, 'Rancasari', 1, 0),
	(703, 64, 'Regol', 1, 0),
	(704, 64, 'Sukajadi', 1, 0),
	(705, 64, 'Sukasari', 1, 0),
	(706, 64, 'Sumur Bandung', 1, 0),
	(707, 64, 'Ujung Berung', 1, 0),
	(708, 63, 'Arjasari', 1, 0),
	(709, 63, 'Baleendah', 1, 0),
	(710, 63, 'Banjaran', 1, 0),
	(711, 63, 'Bojongsoang', 1, 0),
	(712, 63, 'Cangkuang', 1, 0),
	(713, 63, 'Cicalengka', 1, 0),
	(714, 63, 'Cikancung', 1, 0),
	(715, 63, 'Cilengkrang', 1, 0),
	(716, 63, 'Cileunyi', 1, 0),
	(717, 63, 'Cimaung', 1, 0),
	(718, 63, 'Cimeunyan', 1, 0),
	(719, 63, 'Ciparay', 1, 0),
	(720, 63, 'Ciwidey', 1, 0),
	(721, 63, 'Dayeuhkolot', 1, 0),
	(722, 63, 'Ibun', 1, 0),
	(723, 63, 'Katapang', 1, 0),
	(724, 63, 'Kertasari', 1, 0),
	(725, 63, 'Kutawaringin', 1, 0),
	(726, 63, 'Majalaya', 1, 0),
	(727, 63, 'Margaasih', 1, 0),
	(728, 63, 'Margahayu', 1, 0),
	(729, 63, 'Nagreg', 1, 0),
	(730, 63, 'Pacet', 1, 0),
	(731, 63, 'Pameungpeuk', 1, 0),
	(732, 63, 'Pangalengan', 1, 0),
	(733, 63, 'Paseh', 1, 0),
	(734, 63, 'Pasirjambu', 1, 0),
	(735, 63, 'Ranca Bali', 1, 0),
	(736, 63, 'Rancaekek', 1, 0),
	(737, 63, 'Solokan Jeruk', 1, 0),
	(738, 63, 'Soreang', 1, 0),
	(739, 65, 'Batujajar', 1, 0),
	(740, 65, 'Cihampelas', 1, 0),
	(741, 65, 'Cikalong Wetan', 1, 0),
	(742, 65, 'Cililin', 1, 0),
	(743, 65, 'Cipatat', 1, 0),
	(744, 65, 'Cipeundeuy', 1, 0),
	(745, 65, 'Cipongkor', 1, 0),
	(746, 65, 'Cisarua', 1, 0),
	(747, 65, 'Gununghalu', 1, 0),
	(748, 65, 'Lembang', 1, 0),
	(749, 65, 'Ngamprah', 1, 0),
	(750, 65, 'Padalarang', 1, 0),
	(751, 65, 'Parongpong', 1, 0),
	(752, 65, 'Rongga', 1, 0),
	(753, 65, 'Sindangkerta', 1, 0),
	(754, 66, 'Banjar', 1, 0),
	(755, 66, 'Langensari', 1, 0),
	(756, 66, 'Pataruman', 1, 0),
	(757, 66, 'Purwaharja', 1, 0),
	(758, 68, 'Bantar Gebang', 1, 0),
	(759, 68, 'Bekasi Barat', 1, 0),
	(760, 68, 'Bekasi Selatan', 1, 0),
	(761, 68, 'Bekasi Timur', 1, 0),
	(762, 68, 'Bekasi Utara', 1, 0),
	(763, 68, 'Jati Sampurna', 1, 0),
	(764, 68, 'Jatiasih', 1, 0),
	(765, 68, 'Medan Satria', 1, 0),
	(766, 68, 'Mustika Jaya', 1, 0),
	(767, 68, 'Pondok Gede', 1, 0),
	(768, 68, 'Pondok Melati', 1, 0),
	(769, 68, 'Rawalumbu', 1, 0),
	(770, 67, 'Babelan', 1, 0),
	(771, 67, 'Bojongmangu', 1, 0),
	(772, 67, 'Cabangbungin', 1, 0),
	(773, 67, 'Cibarusah', 1, 0),
	(774, 67, 'Cibitung', 1, 0),
	(775, 67, 'Cikarang Barat', 1, 0),
	(776, 67, 'Cikarang Pusat', 1, 0),
	(777, 67, 'Cikarang Selatan', 1, 0),
	(778, 67, 'Cikarang Timur', 1, 0),
	(779, 67, 'Cikarang Utara', 1, 0),
	(780, 67, 'Karangbahagia', 1, 0),
	(781, 67, 'Kedung Waringin', 1, 0),
	(782, 67, 'Muara Gembong', 1, 0),
	(783, 67, 'Pebayuran', 1, 0),
	(784, 67, 'Serang Baru', 1, 0),
	(785, 67, 'Setu', 1, 0),
	(786, 67, 'Sukakarya', 1, 0),
	(787, 67, 'Sukatani', 1, 0),
	(788, 67, 'Sukawangi', 1, 0),
	(789, 67, 'Tambelang', 1, 0),
	(790, 67, 'Tambun Selatan', 1, 0),
	(791, 67, 'Tambun Utara', 1, 0),
	(792, 67, 'Tarumajaya', 1, 0),
	(793, 70, 'Bogor Barat', 1, 0),
	(794, 70, 'Bogor Selatan', 1, 0),
	(795, 70, 'Bogor Tengah', 1, 0),
	(796, 70, 'Bogor Timur', 1, 0),
	(797, 70, 'Bogor Utara', 1, 0),
	(798, 70, 'Tanah Sereal', 1, 0),
	(799, 69, 'Babakan Madang', 1, 0),
	(800, 69, 'Bojonggede', 1, 0),
	(801, 69, 'Caringin', 1, 0),
	(802, 69, 'Cariu', 1, 0),
	(803, 69, 'Ciampea', 1, 0),
	(804, 69, 'Ciawi', 1, 0),
	(805, 69, 'Cibinong', 1, 0),
	(806, 69, 'Cibungbulang', 1, 0),
	(807, 69, 'Cigombong', 1, 0),
	(808, 69, 'Cigudeg', 1, 0),
	(809, 69, 'Cijeruk', 1, 0),
	(810, 69, 'Cileungsi', 1, 0),
	(811, 69, 'Ciomas', 1, 0),
	(812, 69, 'Cisarua', 1, 0),
	(813, 69, 'Ciseeng', 1, 0),
	(814, 69, 'Citeureup', 1, 0),
	(815, 69, 'Dramaga', 1, 0),
	(816, 69, 'Gunung Putri', 1, 0),
	(817, 69, 'Gunung Sindur', 1, 0),
	(818, 69, 'Babakan Madang', 1, 0),
	(819, 69, 'Bojonggede', 1, 0),
	(820, 69, 'Caringin', 1, 0),
	(821, 69, 'Cariu', 1, 0),
	(822, 69, 'Ciampea', 1, 0),
	(823, 69, 'Ciawi', 1, 0),
	(824, 69, 'Cibinong', 1, 0),
	(825, 69, 'Cibungbulang', 1, 0),
	(826, 69, 'Cigombong', 1, 0),
	(827, 69, 'Cigudeg', 1, 0),
	(828, 69, 'Cijeruk', 1, 0),
	(829, 69, 'Cileungsi', 1, 0),
	(830, 69, 'Ciomas', 1, 0),
	(831, 69, 'Cisarua', 1, 0),
	(832, 69, 'Ciseeng', 1, 0),
	(833, 69, 'Citeureup', 1, 0),
	(834, 69, 'Dramaga', 1, 0),
	(835, 69, 'Gunung Putri', 1, 0),
	(836, 69, 'Gunung Sindur', 1, 0),
	(837, 69, 'Jasinga', 1, 0),
	(838, 69, 'Jonggol', 1, 0),
	(839, 69, 'Kemang', 1, 0),
	(840, 69, 'Klapa Nunggal (Kelapa Nunggal)', 1, 0),
	(841, 69, 'Leuwiliang', 1, 0),
	(842, 69, 'Leuwisadeng', 1, 0),
	(843, 69, 'Megamendung', 1, 0),
	(844, 69, 'Nanggung', 1, 0),
	(845, 69, 'Pamijahan', 1, 0),
	(846, 69, 'Parung', 1, 0),
	(847, 69, 'Parung Panjang', 1, 0),
	(848, 69, 'Ranca Bungur', 1, 0),
	(849, 69, 'Rumpin', 1, 0),
	(850, 69, 'Sukajaya', 1, 0),
	(851, 69, 'Sukamakmur', 1, 0),
	(852, 69, 'Sukaraja', 1, 0),
	(853, 69, 'Tajurhalang', 1, 0),
	(854, 69, 'Tamansari', 1, 0),
	(855, 69, 'Tanjungsari', 1, 0),
	(856, 69, 'Tenjo', 1, 0),
	(857, 69, 'Tenjolaya', 1, 0),
	(858, 71, 'Banjarsari', 1, 0),
	(859, 71, 'Baregbeg', 1, 0),
	(860, 71, 'Ciamis', 1, 0),
	(861, 71, 'Cidolog', 1, 0),
	(862, 71, 'Cihaurbeuti', 1, 0),
	(863, 71, 'Cijeungjing', 1, 0),
	(864, 71, 'Cikoneng', 1, 0),
	(865, 71, 'Cimaragas', 1, 0),
	(866, 71, 'Cipaku', 1, 0),
	(867, 71, 'Cisaga', 1, 0),
	(868, 71, 'Jatinagara', 1, 0),
	(869, 71, 'Kawali', 1, 0),
	(870, 71, 'Lakbok', 1, 0),
	(871, 71, 'Lumbung', 1, 0),
	(872, 71, 'Pamarican', 1, 0),
	(873, 71, 'Panawangan', 1, 0),
	(874, 71, 'Panjalu', 1, 0),
	(875, 71, 'Panjalu Utara', 1, 0),
	(876, 71, 'Panumbangan', 1, 0),
	(877, 71, 'Purwadadi', 1, 0),
	(878, 71, 'Rajadesa', 1, 0),
	(879, 71, 'Rancah', 1, 0),
	(880, 71, 'Sadananya', 1, 0),
	(881, 71, 'Sindangkasih', 1, 0),
	(882, 71, 'Sukadana', 1, 0),
	(883, 71, 'Sukamantri', 1, 0),
	(884, 71, 'Tambaksari', 1, 0),
	(885, 72, 'Agrabinta', 1, 0),
	(886, 72, 'Bojongpicung', 1, 0),
	(887, 72, 'Campaka', 1, 0),
	(888, 72, 'Campaka Mulya', 1, 0),
	(889, 72, 'Cianjur', 1, 0),
	(890, 72, 'Cibeber', 1, 0),
	(891, 72, 'Cibinong', 1, 0),
	(892, 72, 'Cidaun', 1, 0),
	(893, 72, 'Cijati', 1, 0),
	(894, 72, 'Cikadu', 1, 0),
	(895, 72, 'Cikalongkulon', 1, 0),
	(896, 72, 'Cilaku', 1, 0),
	(897, 72, 'Cipanas', 1, 0),
	(898, 72, 'Ciranjang', 1, 0),
	(899, 72, 'Cugenang', 1, 0),
	(900, 72, 'Gekbrong', 1, 0),
	(901, 72, 'Haurwangi', 1, 0),
	(902, 72, 'Kadupandak', 1, 0),
	(903, 72, 'Karangtengah', 1, 0),
	(904, 72, 'Leles', 1, 0),
	(905, 72, 'Mande', 1, 0),
	(906, 72, 'Naringgul', 1, 0),
	(907, 72, 'Pacet', 1, 0),
	(908, 72, 'Pagelaran', 1, 0),
	(909, 72, 'Pasirkuda', 1, 0),
	(910, 72, 'Sindangbarang', 1, 0),
	(911, 72, 'Sukaluyu', 1, 0),
	(912, 72, 'Sukanagara', 1, 0),
	(913, 72, 'Sukaresmi', 1, 0),
	(914, 72, 'Takokak', 1, 0),
	(915, 72, 'Tanggeung', 1, 0),
	(916, 72, 'Warungkondang', 1, 0),
	(917, 73, 'Cimahi Selatan', 1, 0),
	(918, 73, 'Cimahi Tengah', 1, 0),
	(919, 73, 'Cimahi Utara', 1, 0),
	(920, 75, 'Harjamukti', 1, 0),
	(921, 75, 'Kejaksan', 1, 0),
	(922, 75, 'Kesambi', 1, 0),
	(923, 75, 'Lemahwungkuk', 1, 0),
	(924, 75, 'Pekalipan', 1, 0),
	(925, 74, 'Arjawinangun', 1, 0),
	(926, 74, 'Astanajapura', 1, 0),
	(927, 74, 'Babakan', 1, 0),
	(928, 74, 'Beber', 1, 0),
	(929, 74, 'Ciledug', 1, 0),
	(930, 74, 'Ciwaringin', 1, 0),
	(931, 74, 'Depok', 1, 0),
	(932, 74, 'Dukupuntang', 1, 0),
	(933, 74, 'Gebang', 1, 0),
	(934, 74, 'Gegesik', 1, 0),
	(935, 74, 'Gempol', 1, 0),
	(936, 74, 'Greged (Greget)', 1, 0),
	(937, 74, 'Gunung Jati (Cirebon Utara)', 1, 0),
	(938, 74, 'Jamblang', 1, 0),
	(939, 74, 'Kaliwedi', 1, 0),
	(940, 74, 'Kapetakan', 1, 0),
	(941, 74, 'Karangsembung', 1, 0),
	(942, 74, 'Karangwareng', 1, 0),
	(943, 74, 'Kedawung', 1, 0),
	(944, 74, 'Klangenan', 1, 0),
	(945, 74, 'Lemahabang', 1, 0),
	(946, 74, 'Losari', 1, 0),
	(947, 74, 'Mundu', 1, 0),
	(948, 74, 'Pabedilan', 1, 0),
	(949, 74, 'Pabuaran', 1, 0),
	(950, 74, 'Palimanan', 1, 0),
	(951, 74, 'Pangenan', 1, 0),
	(952, 74, 'Panguragan', 1, 0),
	(953, 74, 'Pasaleman', 1, 0),
	(954, 74, 'Plered', 1, 0),
	(955, 74, 'Plumbon', 1, 0),
	(956, 74, 'Sedong', 1, 0),
	(957, 74, 'Sumber', 1, 0),
	(958, 74, 'Suranenggala', 1, 0),
	(959, 74, 'Susukan', 1, 0),
	(960, 74, 'Susukan Lebak', 1, 0),
	(961, 74, 'Talun (Cirebon Selatan)', 1, 0),
	(962, 74, 'Tengah Tani', 1, 0),
	(963, 74, 'Waled', 1, 0),
	(964, 74, 'Weru', 1, 0),
	(965, 76, 'Beji', 1, 0),
	(966, 76, 'Cimanggis', 1, 0),
	(967, 76, 'Limo', 1, 0),
	(968, 76, 'Pancoran Mas', 1, 0),
	(969, 76, 'Sawangan', 1, 0),
	(970, 76, 'Sukmajaya', 1, 0),
	(971, 77, 'Banjarwangi', 1, 0),
	(972, 77, 'Banyuresmi', 1, 0),
	(973, 77, 'Bayongbong', 1, 0),
	(974, 77, 'Blubur Limbangan', 1, 0),
	(975, 77, 'Bungbulang', 1, 0),
	(976, 77, 'Caringin', 1, 0),
	(977, 77, 'Cibalong', 1, 0),
	(978, 77, 'Cibatu', 1, 0),
	(979, 77, 'Cibiuk', 1, 0),
	(980, 77, 'Cigedug', 1, 0),
	(981, 77, 'Cihurip', 1, 0),
	(982, 77, 'Cikajang', 1, 0),
	(983, 77, 'Cikelet', 1, 0),
	(984, 77, 'Cilawu', 1, 0),
	(985, 77, 'Cisewu', 1, 0),
	(986, 77, 'Cisompet', 1, 0),
	(987, 77, 'Cisurupan', 1, 0),
	(988, 77, 'Garut Kota', 1, 0),
	(989, 77, 'Kadungora', 1, 0),
	(990, 77, 'Karangpawitan', 1, 0),
	(991, 77, 'Karangtengah', 1, 0),
	(992, 77, 'Kersamanah', 1, 0),
	(993, 77, 'Leles', 1, 0),
	(994, 77, 'Leuwigoong', 1, 0),
	(995, 77, 'Malangbong', 1, 0),
	(996, 77, 'Mekarmukti', 1, 0),
	(997, 77, 'Pakenjeng', 1, 0),
	(998, 77, 'Pameungpeuk', 1, 0),
	(999, 77, 'Pamulihan', 1, 0),
	(1000, 77, 'Pangatikan', 1, 0),
	(1001, 77, 'Pasirwangi', 1, 0),
	(1002, 77, 'Peundeuy', 1, 0),
	(1003, 77, 'Samarang', 1, 0),
	(1004, 77, 'Selaawi', 1, 0),
	(1005, 77, 'Singajaya', 1, 0),
	(1006, 77, 'Sucinaraja', 1, 0),
	(1007, 77, 'Sukaresmi', 1, 0),
	(1008, 77, 'Sukawening', 1, 0),
	(1009, 77, 'Talegong', 1, 0),
	(1010, 77, 'Tarogong Kaler', 1, 0),
	(1011, 77, 'Tarogong Kidul', 1, 0),
	(1012, 77, 'Wanaraja', 1, 0),
	(1013, 78, 'Anjatan', 1, 0),
	(1014, 78, 'Arahan', 1, 0),
	(1015, 78, 'Balongan', 1, 0),
	(1016, 78, 'Bangodua', 1, 0),
	(1017, 78, 'Bongas', 1, 0),
	(1018, 78, 'Cantigi', 1, 0),
	(1019, 78, 'Cikedung', 1, 0),
	(1020, 78, 'Gabuswetan', 1, 0),
	(1021, 78, 'Gantar', 1, 0),
	(1022, 78, 'Haurgeulis', 1, 0),
	(1023, 78, 'Indramayu', 1, 0),
	(1024, 78, 'Jatibarang', 1, 0),
	(1025, 78, 'Juntinyuat', 1, 0),
	(1026, 78, 'Kandanghaur', 1, 0),
	(1027, 78, 'Karangampel', 1, 0),
	(1028, 78, 'Kedokan Bunder', 1, 0),
	(1029, 78, 'Kertasemaya', 1, 0),
	(1030, 78, 'Krangkeng', 1, 0),
	(1031, 78, 'Kroya', 1, 0),
	(1032, 78, 'Lelea', 1, 0),
	(1033, 78, 'Lohbener', 1, 0),
	(1034, 78, 'Losarang', 1, 0),
	(1035, 78, 'Pasekan', 1, 0),
	(1036, 78, 'Patrol', 1, 0),
	(1037, 78, 'Sindang', 1, 0),
	(1038, 78, 'Sliyeg', 1, 0),
	(1039, 78, 'Sukagumiwang', 1, 0),
	(1040, 78, 'Sukra', 1, 0),
	(1041, 78, 'Trisi/Terisi', 1, 0),
	(1042, 78, 'Tukdana', 1, 0),
	(1043, 78, 'Widasari', 1, 0),
	(1044, 79, 'Banyusari', 1, 0),
	(1045, 79, 'Batujaya', 1, 0),
	(1046, 79, 'Ciampel', 1, 0),
	(1047, 79, 'Cibuaya', 1, 0),
	(1048, 79, 'Cikampek', 1, 0),
	(1049, 79, 'Cilamaya Kulon', 1, 0),
	(1050, 79, 'Cilamaya Wetan', 1, 0),
	(1051, 79, 'Cilebar', 1, 0),
	(1052, 79, 'Jatisari', 1, 0),
	(1053, 79, 'Jayakerta', 1, 0),
	(1054, 79, 'Karawang Barat', 1, 0),
	(1055, 79, 'Karawang Timur', 1, 0),
	(1056, 79, 'Klari', 1, 0),
	(1057, 79, 'Kotabaru', 1, 0),
	(1058, 79, 'Kutawaluya', 1, 0),
	(1059, 79, 'Lemahabang', 1, 0),
	(1060, 79, 'Majalaya', 1, 0),
	(1061, 79, 'Pakisjaya', 1, 0),
	(1062, 79, 'Pangkalan', 1, 0),
	(1063, 79, 'Pedes', 1, 0),
	(1064, 79, 'Purwasari', 1, 0),
	(1065, 79, 'Rawamerta', 1, 0),
	(1066, 79, 'Rengasdengklok', 1, 0),
	(1067, 79, 'Talagasari', 1, 0),
	(1068, 79, 'Tegalwaru', 1, 0),
	(1069, 79, 'Telukjambe Barat', 1, 0),
	(1070, 79, 'Telukjambe Timur', 1, 0),
	(1071, 79, 'Tempuran', 1, 0),
	(1072, 79, 'Tirtajaya', 1, 0),
	(1073, 79, 'Tirtamulya', 1, 0),
	(1074, 80, 'Ciawigebang', 1, 0),
	(1075, 80, 'Cibeureum', 1, 0),
	(1076, 80, 'Cibingbin', 1, 0),
	(1077, 80, 'Cidahu', 1, 0),
	(1078, 80, 'Cigandamekar', 1, 0),
	(1079, 80, 'Cigugur', 1, 0),
	(1080, 80, 'Cilebak', 1, 0),
	(1081, 80, 'Cilimus', 1, 0),
	(1082, 80, 'Cimahi', 1, 0),
	(1083, 80, 'Ciniru', 1, 0),
	(1084, 80, 'Cipicung', 1, 0),
	(1085, 80, 'Ciwaru', 1, 0),
	(1086, 80, 'Darma', 1, 0),
	(1087, 80, 'Garawangi', 1, 0),
	(1088, 80, 'Hantara', 1, 0),
	(1089, 80, 'Jalaksana', 1, 0),
	(1090, 80, 'Japara', 1, 0),
	(1091, 80, 'Kadugede', 1, 0),
	(1092, 80, 'Kalimanggis', 1, 0),
	(1093, 80, 'Karangkancana', 1, 0),
	(1094, 80, 'Kramat Mulya', 1, 0),
	(1095, 80, 'Kuningan', 1, 0),
	(1096, 80, 'Lebakwangi', 1, 0),
	(1097, 80, 'Luragung', 1, 0),
	(1098, 80, 'Maleber', 1, 0),
	(1099, 80, 'Mandirancan', 1, 0),
	(1100, 80, 'Nusaherang', 1, 0),
	(1101, 80, 'Pancalang', 1, 0),
	(1102, 80, 'Pasawahan', 1, 0),
	(1103, 80, 'Selajambe', 1, 0),
	(1104, 80, 'Sindangagung', 1, 0),
	(1105, 80, 'Subang', 1, 0),
	(1106, 81, 'Argapura', 1, 0),
	(1107, 81, 'Banjaran', 1, 0),
	(1108, 81, 'Bantarujeg', 1, 0),
	(1109, 81, 'Cigasong', 1, 0),
	(1110, 81, 'Cikijing', 1, 0),
	(1111, 81, 'Cingambul', 1, 0),
	(1112, 81, 'Dawuan', 1, 0),
	(1113, 81, 'Jatitujuh', 1, 0),
	(1114, 81, 'Jatiwangi', 1, 0),
	(1115, 81, 'Kadipaten', 1, 0),
	(1116, 81, 'Kasokandel', 1, 0),
	(1117, 81, 'Kertajati', 1, 0),
	(1118, 81, 'Lemahsugih', 1, 0),
	(1119, 81, 'Leuwimunding', 1, 0),
	(1120, 81, 'Ligung', 1, 0),
	(1121, 81, 'Maja', 1, 0),
	(1122, 81, 'Majalengka', 1, 0),
	(1123, 81, 'Malausma', 1, 0),
	(1124, 81, 'Palasah', 1, 0),
	(1125, 81, 'Panyingkiran', 1, 0),
	(1126, 81, 'Rajagaluh', 1, 0),
	(1127, 81, 'Sindang', 1, 0),
	(1128, 81, 'Sindangwangi', 1, 0),
	(1129, 81, 'Sukahaji', 1, 0),
	(1130, 81, 'Sumberjaya', 1, 0),
	(1131, 81, 'Talaga', 1, 0),
	(1132, 82, 'Cigugur', 1, 0),
	(1133, 82, 'Cijulang', 1, 0),
	(1134, 82, 'Cimerak', 1, 0),
	(1135, 82, 'Kalipucang', 1, 0),
	(1136, 82, 'Langkaplancar', 1, 0),
	(1137, 82, 'Mangunjaya', 1, 0),
	(1138, 82, 'Padaherang', 1, 0),
	(1139, 82, 'Pangandaran', 1, 0),
	(1140, 82, 'Parigi', 1, 0),
	(1141, 82, 'Sidamulih', 1, 0),
	(1142, 83, 'Babakancikao', 1, 0),
	(1143, 83, 'Bojong', 1, 0),
	(1144, 83, 'Bungursari', 1, 0),
	(1145, 83, 'Campaka', 1, 0),
	(1146, 83, 'Cibatu', 1, 0),
	(1147, 83, 'Darangdan', 1, 0),
	(1148, 83, 'Jatiluhur', 1, 0),
	(1149, 83, 'Kiarapedes', 1, 0),
	(1150, 83, 'Maniis', 1, 0),
	(1151, 83, 'Pasawahan', 1, 0),
	(1152, 83, 'Plered', 1, 0),
	(1153, 83, 'Pondoksalam', 1, 0),
	(1154, 83, 'Purwakarta', 1, 0),
	(1155, 83, 'Sukasari', 1, 0),
	(1156, 83, 'Sukatani', 1, 0),
	(1157, 83, 'Tegal Waru', 1, 0),
	(1158, 83, 'Wanayasa', 1, 0),
	(1159, 84, 'Binong', 1, 0),
	(1160, 84, 'Blanakan', 1, 0),
	(1161, 84, 'Ciasem', 1, 0),
	(1162, 84, 'Ciater', 1, 0),
	(1163, 84, 'Cibogo', 1, 0),
	(1164, 84, 'Cijambe', 1, 0),
	(1165, 84, 'Cikaum', 1, 0),
	(1166, 84, 'Cipeundeuy', 1, 0),
	(1167, 84, 'Cipunagara', 1, 0),
	(1168, 84, 'Cisalak', 1, 0),
	(1169, 84, 'Compreng', 1, 0),
	(1170, 84, 'Dawuan', 1, 0),
	(1171, 84, 'Jalancagak', 1, 0),
	(1172, 84, 'Kalijati', 1, 0),
	(1173, 84, 'Kasomalang', 1, 0),
	(1174, 84, 'Legonkulon', 1, 0),
	(1175, 84, 'Pabuaran', 1, 0),
	(1176, 84, 'Pagaden', 1, 0),
	(1177, 84, 'Pagaden Barat', 1, 0),
	(1178, 84, 'Pamanukan', 1, 0),
	(1179, 84, 'Patokbeusi', 1, 0),
	(1180, 84, 'Purwadadi', 1, 0),
	(1181, 84, 'Pusakajaya', 1, 0),
	(1182, 84, 'Pusakanagara', 1, 0),
	(1183, 84, 'Sagalaherang', 1, 0),
	(1184, 84, 'Serangpanjang', 1, 0),
	(1185, 84, 'Subang', 1, 0),
	(1186, 84, 'Sukasari', 1, 0),
	(1187, 84, 'Tambakdahan', 1, 0),
	(1188, 84, 'Tanjungsiang', 1, 0),
	(1189, 86, 'Baros', 1, 0),
	(1190, 86, 'Cibeureum', 1, 0),
	(1191, 86, 'Cikole', 1, 0),
	(1192, 86, 'Citamiang', 1, 0),
	(1193, 86, 'Gunung Puyuh', 1, 0),
	(1194, 86, 'Lembursitu', 1, 0),
	(1195, 86, 'Warudoyong', 1, 0),
	(1196, 85, 'Bantargadung', 1, 0),
	(1197, 85, 'Bojong Genteng', 1, 0),
	(1198, 85, 'Caringin', 1, 0),
	(1199, 85, 'Ciambar', 1, 0),
	(1200, 85, 'Cibadak', 1, 0),
	(1201, 85, 'Cibitung', 1, 0),
	(1202, 85, 'Cicantayan', 1, 0),
	(1203, 85, 'Cicurug', 1, 0),
	(1204, 85, 'Cidadap', 1, 0),
	(1205, 85, 'Cidahu', 1, 0),
	(1206, 85, 'Cidolog', 1, 0),
	(1207, 85, 'Ciemas', 1, 0),
	(1208, 85, 'Cikakak', 1, 0),
	(1209, 85, 'Cikembar', 1, 0),
	(1210, 85, 'Cikidang', 1, 0),
	(1211, 85, 'Cimanggu', 1, 0),
	(1212, 85, 'Ciracap', 1, 0),
	(1213, 85, 'Cireunghas', 1, 0),
	(1214, 85, 'Cisaat', 1, 0),
	(1215, 85, 'Cisolok', 1, 0),
	(1216, 85, 'Curugkembar', 1, 0),
	(1217, 85, 'Geger Bitung', 1, 0),
	(1218, 85, 'Gunung Guruh', 1, 0),
	(1219, 85, 'Jampang Kulon', 1, 0),
	(1220, 85, 'Jampang Tengah', 1, 0),
	(1221, 85, 'Kabandungan', 1, 0),
	(1222, 85, 'Kadudampit', 1, 0),
	(1223, 85, 'Kalapa Nunggal', 1, 0),
	(1224, 85, 'Kali Bunder', 1, 0),
	(1225, 85, 'Kebonpedes', 1, 0),
	(1226, 85, 'Lengkong', 1, 0),
	(1227, 85, 'Nagrak', 1, 0),
	(1228, 85, 'Nyalindung', 1, 0),
	(1229, 85, 'Pabuaran', 1, 0),
	(1230, 85, 'Parakan Salak', 1, 0),
	(1231, 85, 'Parung Kuda', 1, 0),
	(1232, 85, 'Pelabuhan/Palabuhan Ratu', 1, 0),
	(1233, 85, 'Purabaya', 1, 0),
	(1234, 85, 'Sagaranten', 1, 0),
	(1235, 85, 'Simpenan', 1, 0),
	(1236, 85, 'Sukabumi', 1, 0),
	(1237, 85, 'Sukalarang', 1, 0),
	(1238, 85, 'Sukaraja', 1, 0),
	(1239, 85, 'Surade', 1, 0),
	(1240, 85, 'Tegal Buleud', 1, 0),
	(1241, 85, 'Waluran', 1, 0),
	(1242, 85, 'Warung Kiara', 1, 0),
	(1243, 87, 'Buahdua', 1, 0),
	(1244, 87, 'Cibugel', 1, 0),
	(1245, 87, 'Cimalaka', 1, 0),
	(1246, 87, 'Cimanggung', 1, 0),
	(1247, 87, 'Cisarua', 1, 0),
	(1248, 87, 'Cisitu', 1, 0),
	(1249, 87, 'Conggeang', 1, 0),
	(1250, 87, 'Darmaraja', 1, 0),
	(1251, 87, 'Ganeas', 1, 0),
	(1252, 87, 'Jatigede', 1, 0),
	(1253, 87, 'Jatinangor', 1, 0),
	(1254, 87, 'Jatinunggal', 1, 0),
	(1255, 87, 'Pamulihan', 1, 0),
	(1256, 87, 'Paseh', 1, 0),
	(1257, 87, 'Rancakalong', 1, 0),
	(1258, 87, 'Situraja', 1, 0),
	(1259, 87, 'Sukasari', 1, 0),
	(1260, 87, 'Sumedang Selatan', 1, 0),
	(1261, 87, 'Sumedang Utara', 1, 0),
	(1262, 87, 'Surian', 1, 0),
	(1263, 87, 'Tanjungkerta', 1, 0),
	(1264, 87, 'Tanjungmedar', 1, 0),
	(1265, 87, 'Tanjungsari', 1, 0),
	(1266, 87, 'Tomo', 1, 0),
	(1267, 87, 'Ujungjaya', 1, 0),
	(1268, 87, 'Wado', 1, 0),
	(1269, 89, 'Bungursari', 1, 0),
	(1270, 89, 'Cibeureum', 1, 0),
	(1271, 89, 'Cihideung', 1, 0),
	(1272, 89, 'Cipedes', 1, 0),
	(1273, 89, 'Indihiang', 1, 0),
	(1274, 89, 'Kawalu', 1, 0),
	(1275, 89, 'Mangkubumi', 1, 0),
	(1276, 89, 'Purbaratu', 1, 0),
	(1277, 89, 'Tamansari', 1, 0),
	(1278, 89, 'Tawang', 1, 0),
	(1279, 88, 'Bantarkalong', 1, 0),
	(1280, 88, 'Bojongasih', 1, 0),
	(1281, 88, 'Bojonggambir', 1, 0),
	(1282, 88, 'Ciawi', 1, 0),
	(1283, 88, 'Cibalong', 1, 0),
	(1284, 88, 'Cigalontang', 1, 0),
	(1285, 88, 'Cikalong', 1, 0),
	(1286, 88, 'Cikatomas', 1, 0),
	(1287, 88, 'Cineam', 1, 0),
	(1288, 88, 'Cipatujah', 1, 0),
	(1289, 88, 'Cisayong', 1, 0),
	(1290, 88, 'Culamega', 1, 0),
	(1291, 88, 'Gunung Tanjung', 1, 0),
	(1292, 88, 'Jamanis', 1, 0),
	(1293, 88, 'Jatiwaras', 1, 0),
	(1294, 88, 'Kadipaten', 1, 0),
	(1295, 88, 'Karang Jaya', 1, 0),
	(1296, 88, 'Karangnunggal', 1, 0),
	(1297, 88, 'Leuwisari', 1, 0),
	(1298, 88, 'Mangunreja', 1, 0),
	(1299, 88, 'Manonjaya', 1, 0),
	(1300, 88, 'Padakembang', 1, 0),
	(1301, 88, 'Pagerageung', 1, 0),
	(1302, 88, 'Pancatengah', 1, 0),
	(1303, 88, 'Parungponteng', 1, 0),
	(1304, 88, 'Puspahiang', 1, 0),
	(1305, 88, 'Rajapolah', 1, 0),
	(1306, 88, 'Salawu', 1, 0),
	(1307, 88, 'Salopa', 1, 0),
	(1308, 88, 'Sariwangi', 1, 0),
	(1309, 88, 'Singaparna', 1, 0),
	(1310, 88, 'Sodonghilir', 1, 0),
	(1311, 88, 'Sukahening', 1, 0),
	(1312, 88, 'Sukaraja', 1, 0),
	(1313, 88, 'Sukarame', 1, 0),
	(1314, 88, 'Sukaratu', 1, 0),
	(1315, 88, 'Sukaresik', 1, 0),
	(1316, 88, 'Tanjungjaya', 1, 0),
	(1317, 88, 'Taraju', 1, 0),
	(1318, 90, 'Banjarmangu', 1, 0),
	(1319, 90, 'Banjarnegara', 1, 0),
	(1320, 90, 'Batur', 1, 0),
	(1321, 90, 'Bawang', 1, 0),
	(1322, 90, 'Kalibening', 1, 0),
	(1323, 90, 'Karangkobar', 1, 0),
	(1324, 90, 'Madukara', 1, 0),
	(1325, 90, 'Mandiraja', 1, 0),
	(1326, 90, 'Pagedongan', 1, 0),
	(1327, 90, 'Pagentan', 1, 0),
	(1328, 90, 'Pandanarum', 1, 0),
	(1329, 90, 'Pejawaran', 1, 0),
	(1330, 90, 'Punggelan', 1, 0),
	(1331, 90, 'Purwonegoro', 1, 0),
	(1332, 90, 'Purworejo Klampok', 1, 0),
	(1333, 90, 'Rakit', 1, 0),
	(1334, 90, 'Sigaluh', 1, 0),
	(1335, 90, 'Susukan', 1, 0),
	(1336, 90, 'Wanadadi (Wonodadi)', 1, 0),
	(1337, 90, 'Wanayasa', 1, 0),
	(1338, 91, 'Ajibarang', 1, 0),
	(1339, 91, 'Banyumas', 1, 0),
	(1340, 91, 'Baturaden', 1, 0),
	(1341, 91, 'Cilongok', 1, 0),
	(1342, 91, 'Gumelar', 1, 0),
	(1343, 91, 'Jatilawang', 1, 0),
	(1344, 91, 'Kalibagor', 1, 0),
	(1345, 91, 'Karanglewas', 1, 0),
	(1346, 91, 'Kebasen', 1, 0),
	(1347, 91, 'Kedung Banteng', 1, 0),
	(1348, 91, 'Kembaran', 1, 0),
	(1349, 91, 'Kemranjen', 1, 0),
	(1350, 91, 'Lumbir', 1, 0),
	(1351, 91, 'Patikraja', 1, 0),
	(1352, 91, 'Pekuncen', 1, 0),
	(1353, 91, 'Purwojati', 1, 0),
	(1354, 91, 'Purwokerto Barat', 1, 0),
	(1355, 91, 'Purwokerto Selatan', 1, 0),
	(1356, 91, 'Purwokerto Timur', 1, 0),
	(1357, 91, 'Purwokerto Utara', 1, 0),
	(1358, 91, 'Rawalo', 1, 0),
	(1359, 91, 'Sokaraja', 1, 0),
	(1360, 91, 'Somagede', 1, 0),
	(1361, 91, 'Sumbang', 1, 0),
	(1362, 91, 'Sumpiuh', 1, 0),
	(1363, 91, 'Tambak', 1, 0),
	(1364, 91, 'Wangon', 1, 0),
	(1365, 92, 'Bandar', 1, 0),
	(1366, 92, 'Banyuputih', 1, 0),
	(1367, 92, 'Batang', 1, 0),
	(1368, 92, 'Bawang', 1, 0),
	(1369, 92, 'Blado', 1, 0),
	(1370, 92, 'Gringsing', 1, 0),
	(1371, 92, 'Kandeman', 1, 0),
	(1372, 92, 'Limpung', 1, 0),
	(1373, 92, 'Pecalungan', 1, 0),
	(1374, 92, 'Reban', 1, 0),
	(1375, 92, 'Subah', 1, 0),
	(1376, 92, 'Tersono', 1, 0),
	(1377, 92, 'Tulis', 1, 0),
	(1378, 92, 'Warungasem', 1, 0),
	(1379, 92, 'Wonotunggal', 1, 0),
	(1380, 93, 'Banjarejo', 1, 0),
	(1381, 93, 'Blora kota', 1, 0),
	(1382, 93, 'Bogorejo', 1, 0),
	(1383, 93, 'Cepu', 1, 0),
	(1384, 93, 'Japah', 1, 0),
	(1385, 93, 'Jati', 1, 0),
	(1386, 93, 'Jepon', 1, 0),
	(1387, 93, 'Jiken', 1, 0),
	(1388, 93, 'Kedungtuban', 1, 0),
	(1389, 93, 'Kradenan', 1, 0),
	(1390, 93, 'Kunduran', 1, 0),
	(1391, 93, 'Ngawen', 1, 0),
	(1392, 93, 'Randublatung', 1, 0),
	(1393, 93, 'Sambong', 1, 0),
	(1394, 93, 'Todanan', 1, 0),
	(1395, 93, 'Tunjungan', 1, 0),
	(1396, 94, 'Ampel', 1, 0),
	(1397, 94, 'Andong', 1, 0),
	(1398, 94, 'Banyudono', 1, 0),
	(1399, 94, 'Boyolali', 1, 0),
	(1400, 94, 'Cepogo', 1, 0),
	(1401, 94, 'Juwangi', 1, 0),
	(1402, 94, 'Karanggede', 1, 0),
	(1403, 94, 'Kemusu', 1, 0),
	(1404, 94, 'Klego', 1, 0),
	(1405, 94, 'Mojosongo', 1, 0),
	(1406, 94, 'Musuk', 1, 0),
	(1407, 94, 'Ngemplak', 1, 0),
	(1408, 94, 'Nogosari', 1, 0),
	(1409, 94, 'Sambi', 1, 0),
	(1410, 94, 'Sawit', 1, 0),
	(1411, 94, 'Selo', 1, 0),
	(1412, 94, 'Simo', 1, 0),
	(1413, 94, 'Teras', 1, 0),
	(1414, 94, 'Wonosegoro', 1, 0),
	(1415, 95, 'Banjarharjo', 1, 0),
	(1416, 95, 'Bantarkawung', 1, 0),
	(1417, 95, 'Brebes', 1, 0),
	(1418, 95, 'Bulakamba', 1, 0),
	(1419, 95, 'Bumiayu', 1, 0),
	(1420, 95, 'Jatibarang', 1, 0),
	(1421, 95, 'Kersana', 1, 0),
	(1422, 95, 'Ketanggungan', 1, 0),
	(1423, 95, 'Larangan', 1, 0),
	(1424, 95, 'Losari', 1, 0),
	(1425, 95, 'Paguyangan', 1, 0),
	(1426, 95, 'Salem', 1, 0),
	(1427, 95, 'Sirampog', 1, 0),
	(1428, 95, 'Songgom', 1, 0),
	(1429, 95, 'Tanjung', 1, 0),
	(1430, 95, 'Tonjong', 1, 0),
	(1431, 95, 'Wanasari', 1, 0),
	(1432, 96, 'Adipala', 1, 0),
	(1433, 96, 'Bantarsari', 1, 0),
	(1434, 96, 'Binangun', 1, 0),
	(1435, 96, 'Cilacap Selatan', 1, 0),
	(1436, 96, 'Cilacap Tengah', 1, 0),
	(1437, 96, 'Cilacap Utara', 1, 0),
	(1438, 96, 'Cimanggu', 1, 0),
	(1439, 96, 'Cipari', 1, 0),
	(1440, 96, 'Dayeuhluhur', 1, 0),
	(1441, 96, 'Gandrungmangu', 1, 0),
	(1442, 96, 'Jeruklegi', 1, 0),
	(1443, 96, 'Kampung Laut', 1, 0),
	(1444, 96, 'Karangpucung', 1, 0),
	(1445, 96, 'Kawunganten', 1, 0),
	(1446, 96, 'Kedungreja', 1, 0),
	(1447, 96, 'Kesugihan', 1, 0),
	(1448, 96, 'Kroya', 1, 0),
	(1449, 96, 'Majenang', 1, 0),
	(1450, 96, 'Maos', 1, 0),
	(1451, 96, 'Nusawungu', 1, 0),
	(1452, 96, 'Patimuan', 1, 0),
	(1453, 96, 'Sampang', 1, 0),
	(1454, 96, 'Sidareja', 1, 0),
	(1455, 96, 'Wanareja', 1, 0),
	(1456, 97, 'Bonang', 1, 0),
	(1457, 97, 'Demak', 1, 0),
	(1458, 97, 'Dempet', 1, 0),
	(1459, 97, 'Gajah', 1, 0),
	(1460, 97, 'Guntur', 1, 0),
	(1461, 97, 'Karang Tengah', 1, 0),
	(1462, 97, 'Karanganyar', 1, 0),
	(1463, 97, 'Karangawen', 1, 0),
	(1464, 97, 'Kebonagung', 1, 0),
	(1465, 97, 'Mijen', 1, 0),
	(1466, 97, 'Mranggen', 1, 0),
	(1467, 97, 'Sayung', 1, 0),
	(1468, 97, 'Wedung', 1, 0),
	(1469, 97, 'Wonosalam', 1, 0),
	(1470, 98, 'Brati', 1, 0),
	(1471, 98, 'Gabus', 1, 0),
	(1472, 98, 'Geyer', 1, 0),
	(1473, 98, 'Godong', 1, 0),
	(1474, 98, 'Grobogan', 1, 0),
	(1475, 98, 'Gubug', 1, 0),
	(1476, 98, 'Karangrayung', 1, 0),
	(1477, 98, 'Kedungjati', 1, 0),
	(1478, 98, 'Klambu', 1, 0),
	(1479, 98, 'Kradenan', 1, 0),
	(1480, 98, 'Ngaringan', 1, 0),
	(1481, 98, 'Penawangan', 1, 0),
	(1482, 98, 'Pulokulon', 1, 0),
	(1483, 98, 'Purwodadi', 1, 0),
	(1484, 98, 'Tanggungharjo', 1, 0),
	(1485, 98, 'Tawangharjo', 1, 0),
	(1486, 98, 'Tegowanu', 1, 0),
	(1487, 98, 'Toroh', 1, 0),
	(1488, 98, 'Wirosari', 1, 0),
	(1489, 99, 'Bangsri', 1, 0),
	(1490, 99, 'Batealit', 1, 0),
	(1491, 99, 'Donorojo', 1, 0),
	(1492, 99, 'Jepara', 1, 0),
	(1493, 99, 'Kalinyamatan', 1, 0),
	(1494, 99, 'Karimunjawa', 1, 0),
	(1495, 99, 'Kedung', 1, 0),
	(1496, 99, 'Keling', 1, 0),
	(1497, 99, 'Kembang', 1, 0),
	(1498, 99, 'Mayong', 1, 0),
	(1499, 99, 'Mlonggo', 1, 0),
	(1500, 99, 'Nalumsari', 1, 0),
	(1501, 99, 'Pakis Aji', 1, 0),
	(1502, 99, 'Pecangaan', 1, 0),
	(1503, 99, 'Tahunan', 1, 0),
	(1504, 99, 'Welahan', 1, 0),
	(1505, 100, 'Colomadu', 1, 0),
	(1506, 100, 'Gondangrejo', 1, 0),
	(1507, 100, 'Jaten', 1, 0),
	(1508, 100, 'Jatipuro', 1, 0),
	(1509, 100, 'Jatiyoso', 1, 0),
	(1510, 100, 'Jenawi', 1, 0),
	(1511, 100, 'Jumantono', 1, 0),
	(1512, 100, 'Jumapolo', 1, 0),
	(1513, 100, 'Karanganyar', 1, 0),
	(1514, 100, 'Karangpandan', 1, 0),
	(1515, 100, 'Kebakkramat', 1, 0),
	(1516, 100, 'Kerjo', 1, 0),
	(1517, 100, 'Matesih', 1, 0),
	(1518, 100, 'Mojogedang', 1, 0),
	(1519, 100, 'Ngargoyoso', 1, 0),
	(1520, 100, 'Tasikmadu', 1, 0),
	(1521, 100, 'Tawangmangu', 1, 0),
	(1522, 102, 'Boja', 1, 0),
	(1523, 102, 'Brangsong', 1, 0),
	(1524, 102, 'Cepiring', 1, 0),
	(1525, 102, 'Gemuh', 1, 0),
	(1526, 102, 'Kaliwungu', 1, 0),
	(1527, 102, 'Kaliwungu Selatan', 1, 0),
	(1528, 102, 'Kangkung', 1, 0),
	(1529, 102, 'Kendal', 1, 0),
	(1530, 102, 'Limbangan', 1, 0),
	(1531, 102, 'Ngampel', 1, 0),
	(1532, 102, 'Pagerruyung', 1, 0),
	(1533, 102, 'Patean', 1, 0),
	(1534, 102, 'Patebon', 1, 0),
	(1535, 102, 'Pegandon', 1, 0),
	(1536, 102, 'Plantungan', 1, 0),
	(1537, 102, 'Ringinarum', 1, 0),
	(1538, 102, 'Rowosari', 1, 0),
	(1539, 102, 'Singorojo', 1, 0),
	(1540, 102, 'Sukorejo', 1, 0),
	(1541, 102, 'Weleri', 1, 0),
	(1542, 103, 'Bayat', 1, 0),
	(1543, 103, 'Cawas', 1, 0),
	(1544, 103, 'Ceper', 1, 0),
	(1545, 103, 'Delanggu', 1, 0),
	(1546, 103, 'Gantiwarno', 1, 0),
	(1547, 103, 'Jatinom', 1, 0),
	(1548, 103, 'Jogonalan', 1, 0),
	(1549, 103, 'Juwiring', 1, 0),
	(1550, 103, 'Kalikotes', 1, 0),
	(1551, 103, 'Karanganom', 1, 0),
	(1552, 103, 'Karangdowo', 1, 0),
	(1553, 103, 'Karangnongko', 1, 0),
	(1554, 103, 'Kebonarum', 1, 0),
	(1555, 103, 'Kemalang', 1, 0),
	(1556, 103, 'Klaten Selatan', 1, 0),
	(1557, 103, 'Klaten Tengah', 1, 0),
	(1558, 103, 'Klaten Utara', 1, 0),
	(1559, 103, 'Manisrenggo', 1, 0),
	(1560, 103, 'Ngawen', 1, 0),
	(1561, 103, 'Pedan', 1, 0),
	(1562, 103, 'Polanharjo', 1, 0),
	(1563, 103, 'Prambanan', 1, 0),
	(1564, 103, 'Trucuk', 1, 0),
	(1565, 103, 'Tulung', 1, 0),
	(1566, 103, 'Wedi', 1, 0),
	(1567, 103, 'Wonosari', 1, 0),
	(1568, 101, 'Adimulyo', 1, 0),
	(1569, 101, 'Alian/Aliyan', 1, 0),
	(1570, 101, 'Ambal', 1, 0),
	(1571, 101, 'Ayah', 1, 0),
	(1572, 101, 'Bonorowo', 1, 0),
	(1573, 101, 'Buayan', 1, 0),
	(1574, 101, 'Buluspesantren', 1, 0),
	(1575, 101, 'Gombong', 1, 0),
	(1576, 101, 'Karanganyar', 1, 0),
	(1577, 101, 'Karanggayam', 1, 0),
	(1578, 101, 'Karangsambung', 1, 0),
	(1579, 101, 'Kebumen', 1, 0),
	(1580, 101, 'Klirong', 1, 0),
	(1581, 101, 'Kutowinangun', 1, 0),
	(1582, 101, 'Kuwarasan', 1, 0),
	(1583, 101, 'Mirit', 1, 0),
	(1584, 101, 'Padureso', 1, 0),
	(1585, 101, 'Pejagoan', 1, 0),
	(1586, 101, 'Petanahan', 1, 0),
	(1587, 101, 'Poncowarno', 1, 0),
	(1588, 101, 'Prembun', 1, 0),
	(1589, 101, 'Puring', 1, 0),
	(1590, 101, 'Rowokele', 1, 0),
	(1591, 101, 'Sadang', 1, 0),
	(1592, 101, 'Sempor', 1, 0),
	(1593, 101, 'Sruweng', 1, 0),
	(1594, 104, 'Bae', 1, 0),
	(1595, 104, 'Dawe', 1, 0),
	(1596, 104, 'Gebog', 1, 0),
	(1597, 104, 'Jati', 1, 0),
	(1598, 104, 'Jekulo', 1, 0),
	(1599, 104, 'Kaliwungu', 1, 0),
	(1600, 104, 'Kudus Kota', 1, 0),
	(1601, 104, 'Mejobo', 1, 0),
	(1602, 104, 'Undaan', 1, 0),
	(1603, 106, 'Magelang Selatan', 1, 0),
	(1604, 106, 'Magelang Tengah', 1, 0),
	(1605, 106, 'Magelang Utara', 1, 0),
	(1606, 105, 'Bandongan', 1, 0),
	(1607, 105, 'Borobudur', 1, 0),
	(1608, 105, 'Candimulyo', 1, 0),
	(1609, 105, 'Dukun', 1, 0),
	(1610, 105, 'Grabag', 1, 0),
	(1611, 105, 'Kajoran', 1, 0),
	(1612, 105, 'Kaliangkrik', 1, 0),
	(1613, 105, 'Mertoyudan', 1, 0),
	(1614, 105, 'Mungkid', 1, 0),
	(1615, 105, 'Muntilan', 1, 0),
	(1616, 105, 'Ngablak', 1, 0),
	(1617, 105, 'Ngluwar', 1, 0),
	(1618, 105, 'Pakis', 1, 0),
	(1619, 105, 'Salam', 1, 0),
	(1620, 105, 'Salaman', 1, 0),
	(1621, 105, 'Sawangan', 1, 0),
	(1622, 105, 'Secang', 1, 0),
	(1623, 105, 'Srumbung', 1, 0),
	(1624, 105, 'Tegalrejo', 1, 0),
	(1625, 105, 'Tempuran', 1, 0),
	(1626, 105, 'Windusari', 1, 0),
	(1627, 107, 'Batangan', 1, 0),
	(1628, 107, 'Cluwak', 1, 0),
	(1629, 107, 'Dukuhseti', 1, 0),
	(1630, 107, 'Gabus', 1, 0),
	(1631, 107, 'Gembong', 1, 0),
	(1632, 107, 'Gunungwungkal', 1, 0),
	(1633, 107, 'Jaken', 1, 0),
	(1634, 107, 'Jakenan', 1, 0),
	(1635, 107, 'Juwana', 1, 0),
	(1636, 107, 'Kayen', 1, 0),
	(1637, 107, 'Margorejo', 1, 0),
	(1638, 107, 'Margoyoso', 1, 0),
	(1639, 107, 'Pati', 1, 0),
	(1640, 107, 'Pucakwangi', 1, 0),
	(1641, 107, 'Sukolilo', 1, 0),
	(1642, 107, 'Tambakromo', 1, 0),
	(1643, 107, 'Tayu', 1, 0),
	(1644, 107, 'Tlogowungu', 1, 0),
	(1645, 107, 'Trangkil', 1, 0),
	(1646, 107, 'Wedarijaksa', 1, 0),
	(1647, 107, 'Winong', 1, 0),
	(1648, 109, 'Pekalongan Barat', 1, 0),
	(1649, 109, 'Pekalongan Selatan', 1, 0),
	(1650, 109, 'Pekalongan Timur', 1, 0),
	(1651, 109, 'Pekalongan Utara', 1, 0),
	(1652, 108, 'Bojong', 1, 0),
	(1653, 108, 'Buaran', 1, 0),
	(1654, 108, 'Doro', 1, 0),
	(1655, 108, 'Kajen', 1, 0),
	(1656, 108, 'Kandangserang', 1, 0),
	(1657, 108, 'Karanganyar', 1, 0),
	(1658, 108, 'Karangdadap', 1, 0),
	(1659, 108, 'Kedungwuni', 1, 0),
	(1660, 108, 'Kesesi', 1, 0),
	(1661, 108, 'Lebakbarang', 1, 0),
	(1662, 108, 'Paninggaran', 1, 0),
	(1663, 108, 'Petungkriono/Petungkriyono', 1, 0),
	(1664, 108, 'Siwalan', 1, 0),
	(1665, 108, 'Sragi', 1, 0),
	(1666, 108, 'Talun', 1, 0),
	(1667, 108, 'Tirto', 1, 0),
	(1668, 108, 'Wiradesa', 1, 0),
	(1669, 108, 'Wonokerto', 1, 0),
	(1670, 108, 'Wonopringgo', 1, 0),
	(1671, 110, 'Ampelgading', 1, 0),
	(1672, 110, 'Bantarbolang', 1, 0),
	(1673, 110, 'Belik', 1, 0),
	(1674, 110, 'Bodeh', 1, 0),
	(1675, 110, 'Comal', 1, 0),
	(1676, 110, 'Moga', 1, 0),
	(1677, 110, 'Pemalang', 1, 0),
	(1678, 110, 'Petarukan', 1, 0),
	(1679, 110, 'Pulosari', 1, 0),
	(1680, 110, 'Randudongkal', 1, 0),
	(1681, 110, 'Taman', 1, 0),
	(1682, 110, 'Ulujami', 1, 0),
	(1683, 110, 'Warungpring', 1, 0),
	(1684, 110, 'Watukumpul', 1, 0),
	(1685, 111, 'Bobotsari', 1, 0),
	(1686, 111, 'Bojongsari', 1, 0),
	(1687, 111, 'Bukateja', 1, 0),
	(1688, 111, 'Kaligondang', 1, 0),
	(1689, 111, 'Kalimanah', 1, 0),
	(1690, 111, 'Karanganyar', 1, 0),
	(1691, 111, 'Karangjambu', 1, 0),
	(1692, 111, 'Karangmoncol', 1, 0),
	(1693, 111, 'Karangreja', 1, 0),
	(1694, 111, 'Kejobong', 1, 0),
	(1695, 111, 'Kemangkon', 1, 0),
	(1696, 111, 'Kertanegara', 1, 0),
	(1697, 111, 'Kutasari', 1, 0),
	(1698, 111, 'Mrebet', 1, 0),
	(1699, 111, 'Padamara', 1, 0),
	(1700, 111, 'Pengadegan', 1, 0),
	(1701, 111, 'Purbalingga', 1, 0),
	(1702, 111, 'Rembang', 1, 0),
	(1703, 112, 'Bagelen', 1, 0),
	(1704, 112, 'Banyuurip', 1, 0),
	(1705, 112, 'Bayan', 1, 0),
	(1706, 112, 'Bener', 1, 0),
	(1707, 112, 'Bruno', 1, 0),
	(1708, 112, 'Butuh', 1, 0),
	(1709, 112, 'Gebang', 1, 0),
	(1710, 112, 'Grabag', 1, 0),
	(1711, 112, 'Kaligesing', 1, 0),
	(1712, 112, 'Kemiri', 1, 0),
	(1713, 112, 'Kutoarjo', 1, 0),
	(1714, 112, 'Loano', 1, 0),
	(1715, 112, 'Ngombol', 1, 0),
	(1716, 112, 'Pituruh', 1, 0),
	(1717, 112, 'Purwodadi', 1, 0),
	(1718, 112, 'Purworejo', 1, 0),
	(1719, 113, 'Bulu', 1, 0),
	(1720, 113, 'Gunem', 1, 0),
	(1721, 113, 'Kaliori', 1, 0),
	(1722, 113, 'Kragan', 1, 0),
	(1723, 113, 'Lasem', 1, 0),
	(1724, 113, 'Pamotan', 1, 0),
	(1725, 113, 'Pancur', 1, 0),
	(1726, 113, 'Rembang', 1, 0),
	(1727, 113, 'Sale', 1, 0),
	(1728, 113, 'Sarang', 1, 0),
	(1729, 113, 'Sedan', 1, 0),
	(1730, 113, 'Sluke', 1, 0),
	(1731, 113, 'Sulang', 1, 0),
	(1732, 113, 'Sumber', 1, 0),
	(1733, 114, 'Argomulyo', 1, 0),
	(1734, 114, 'Sidomukti', 1, 0),
	(1735, 114, 'Sidorejo', 1, 0),
	(1736, 114, 'Tingkir', 1, 0),
	(1737, 116, 'Banyumanik', 1, 0),
	(1738, 116, 'Candisari', 1, 0),
	(1739, 116, 'Gajah Mungkur', 1, 0),
	(1740, 116, 'Gayamsari', 1, 0),
	(1741, 116, 'Genuk', 1, 0),
	(1742, 116, 'Gunungpati', 1, 0),
	(1743, 116, 'Mijen', 1, 0),
	(1744, 116, 'Ngaliyan', 1, 0),
	(1745, 116, 'Pedurungan', 1, 0);
/*!40000 ALTER TABLE `kecamatan` ENABLE KEYS */;


-- Dumping structure for table commerce.migrations
CREATE TABLE IF NOT EXISTS `migrations` (
  `migration` varchar(255) COLLATE utf8_unicode_ci NOT NULL,
  `batch` int(11) NOT NULL
) ENGINE=InnoDB DEFAULT CHARSET=utf8 COLLATE=utf8_unicode_ci;

-- Dumping data for table commerce.migrations: ~7 rows (approximately)
/*!40000 ALTER TABLE `migrations` DISABLE KEYS */;
INSERT INTO `migrations` (`migration`, `batch`) VALUES
	('2014_10_23_024535_create_product_category_table', 1),
	('2014_10_23_025201_create_product_image_table', 2),
	('2014_10_23_025533_create_product_table', 3),
	('2014_10_23_030658_confide_setup_users_table', 4),
	('2014_10_23_031948_entrust_setup_tables', 5),
	('2014_11_13_073030_add_sluggable_columns', 6),
	('2014_11_13_083540_add_sluggable_columns', 7);
/*!40000 ALTER TABLE `migrations` ENABLE KEYS */;


-- Dumping structure for table commerce.nested_category
CREATE TABLE IF NOT EXISTS `nested_category` (
  `category_id` int(11) NOT NULL AUTO_INCREMENT,
  `name` varchar(20) NOT NULL,
  `lft` int(11) NOT NULL,
  `rgt` int(11) NOT NULL,
  PRIMARY KEY (`category_id`)
) ENGINE=InnoDB AUTO_INCREMENT=11 DEFAULT CHARSET=latin1;

-- Dumping data for table commerce.nested_category: ~10 rows (approximately)
/*!40000 ALTER TABLE `nested_category` DISABLE KEYS */;
INSERT INTO `nested_category` (`category_id`, `name`, `lft`, `rgt`) VALUES
	(1, 'ELECTRONICS', 1, 20),
	(2, 'TELEVISIONS', 2, 9),
	(3, 'TUBE', 3, 4),
	(4, 'LCD', 5, 6),
	(5, 'PLASMA', 7, 8),
	(6, 'PORTABLE ELECTRONICS', 10, 19),
	(7, 'MP3 PLAYERS', 11, 14),
	(8, 'FLASH', 12, 13),
	(9, 'CD PLAYERS', 15, 16),
	(10, '2 WAY RADIOS', 17, 18);
/*!40000 ALTER TABLE `nested_category` ENABLE KEYS */;


-- Dumping structure for table commerce.password_reminders
CREATE TABLE IF NOT EXISTS `password_reminders` (
  `email` varchar(255) COLLATE utf8_unicode_ci NOT NULL,
  `token` varchar(255) COLLATE utf8_unicode_ci NOT NULL,
  `created_at` timestamp NOT NULL DEFAULT '0000-00-00 00:00:00'
) ENGINE=InnoDB DEFAULT CHARSET=utf8 COLLATE=utf8_unicode_ci;

-- Dumping data for table commerce.password_reminders: ~0 rows (approximately)
/*!40000 ALTER TABLE `password_reminders` DISABLE KEYS */;
/*!40000 ALTER TABLE `password_reminders` ENABLE KEYS */;


-- Dumping structure for table commerce.permissions
CREATE TABLE IF NOT EXISTS `permissions` (
  `id` int(10) unsigned NOT NULL AUTO_INCREMENT,
  `name` varchar(255) COLLATE utf8_unicode_ci NOT NULL,
  `display_name` varchar(255) COLLATE utf8_unicode_ci NOT NULL,
  `created_at` timestamp NOT NULL DEFAULT '0000-00-00 00:00:00',
  `updated_at` timestamp NOT NULL DEFAULT '0000-00-00 00:00:00',
  PRIMARY KEY (`id`),
  UNIQUE KEY `permissions_name_unique` (`name`)
) ENGINE=InnoDB AUTO_INCREMENT=3 DEFAULT CHARSET=utf8 COLLATE=utf8_unicode_ci;

-- Dumping data for table commerce.permissions: ~2 rows (approximately)
/*!40000 ALTER TABLE `permissions` DISABLE KEYS */;
INSERT INTO `permissions` (`id`, `name`, `display_name`, `created_at`, `updated_at`) VALUES
	(1, 'manage_posts', 'Manage Posts', '2014-10-22 20:42:00', '2014-10-22 20:42:00'),
	(2, 'manage_users', 'Manage Users', '2014-10-22 20:42:00', '2014-10-22 20:42:00');
/*!40000 ALTER TABLE `permissions` ENABLE KEYS */;


-- Dumping structure for table commerce.permission_role
CREATE TABLE IF NOT EXISTS `permission_role` (
  `id` int(10) unsigned NOT NULL AUTO_INCREMENT,
  `permission_id` int(10) unsigned NOT NULL,
  `role_id` int(10) unsigned NOT NULL,
  PRIMARY KEY (`id`),
  KEY `permission_role_permission_id_foreign` (`permission_id`),
  KEY `permission_role_role_id_foreign` (`role_id`),
  CONSTRAINT `permission_role_permission_id_foreign` FOREIGN KEY (`permission_id`) REFERENCES `permissions` (`id`),
  CONSTRAINT `permission_role_role_id_foreign` FOREIGN KEY (`role_id`) REFERENCES `roles` (`id`)
) ENGINE=InnoDB AUTO_INCREMENT=4 DEFAULT CHARSET=utf8 COLLATE=utf8_unicode_ci;

-- Dumping data for table commerce.permission_role: ~3 rows (approximately)
/*!40000 ALTER TABLE `permission_role` DISABLE KEYS */;
INSERT INTO `permission_role` (`id`, `permission_id`, `role_id`) VALUES
	(1, 1, 1),
	(2, 2, 1),
	(3, 1, 2);
/*!40000 ALTER TABLE `permission_role` ENABLE KEYS */;


-- Dumping structure for table commerce.product
CREATE TABLE IF NOT EXISTS `product` (
  `id` int(10) unsigned NOT NULL AUTO_INCREMENT,
  `sku` varchar(60) COLLATE utf8_unicode_ci NOT NULL,
  `name` varchar(100) COLLATE utf8_unicode_ci NOT NULL,
  `description` text COLLATE utf8_unicode_ci NOT NULL,
  `price` double NOT NULL,
  `price_discount` double NOT NULL,
  `size` varchar(20) COLLATE utf8_unicode_ci NOT NULL,
  `in_stock` int(11) NOT NULL,
  `status` smallint(6) NOT NULL,
  `category_id` int(10) unsigned NOT NULL,
  `image_id` int(10) unsigned NOT NULL,
  `created_at` timestamp NOT NULL DEFAULT '0000-00-00 00:00:00',
  `updated_at` timestamp NOT NULL DEFAULT '0000-00-00 00:00:00',
  `deleted_at` timestamp NULL DEFAULT NULL,
  `slug` varchar(255) COLLATE utf8_unicode_ci DEFAULT NULL,
  PRIMARY KEY (`id`),
  KEY `product_category_id_foreign` (`category_id`),
  KEY `product_image_id_foreign` (`image_id`),
  CONSTRAINT `product_category_id_foreign` FOREIGN KEY (`category_id`) REFERENCES `category` (`id`),
  CONSTRAINT `product_image_id_foreign` FOREIGN KEY (`image_id`) REFERENCES `product_image` (`id`)
) ENGINE=InnoDB AUTO_INCREMENT=23 DEFAULT CHARSET=utf8 COLLATE=utf8_unicode_ci;

-- Dumping data for table commerce.product: ~12 rows (approximately)
/*!40000 ALTER TABLE `product` DISABLE KEYS */;
INSERT INTO `product` (`id`, `sku`, `name`, `description`, `price`, `price_discount`, `size`, `in_stock`, `status`, `category_id`, `image_id`, `created_at`, `updated_at`, `deleted_at`, `slug`) VALUES
	(1, 'dsbm1tx', 'Doraemon Stand By Me 1 TX', 'Doraemon Stand By Me 1 TX', 95000, 0, 'S|M|L|XL', 123, 1, 9, 1, '2014-10-23 04:20:07', '2014-10-28 02:31:44', NULL, 'doraemon-stand-by-me-1tx'),
	(2, 'dsbm2tx', 'Doraemon Stand By Me 1 T2', 'Doraemon Stand By Me 2 TX', 95000, 0, 'S|M|L|XL', 123, 1, 9, 2, '2014-10-23 04:20:32', '2014-10-28 02:32:53', NULL, 'doraemon-stand-by-me-2tx'),
	(3, 'dsbm3tx', 'Doraemon Stand By Me 3 TX', 'Doraemon Stand By Me 3 TX', 95000, 0, 'S|M|L|XL', 100, 1, 9, 4, '2014-10-25 00:39:33', '2014-10-28 02:36:48', NULL, 'doraemon-stand-by-me-3tx'),
	(4, 'dsbm4tx', 'Doraemon Stand By Me 4 TX', 'Doraemon Stand By Me 4 TX', 95000, 0, 'S|M|L|XL', 100, 1, 9, 6, '2014-10-28 02:41:06', '2014-10-28 02:41:06', NULL, 'doraemon-stand-by-me-4tx'),
	(5, 'Big Bang 1', 'Big Bang 1', 'Big Bang 1', 95000, 0, 'S|M|L|XL', 123, 1, 11, 7, '2014-10-30 03:13:01', '2014-11-29 09:33:21', NULL, 'big-bang-1'),
	(6, 'Big Bang 2', 'Big Bang 2', 'Big Bang 2', 95000, 0, 'S|M|L|XL', 123, 1, 11, 8, '2014-10-30 03:13:28', '2014-11-29 09:34:16', NULL, 'big-bang-2'),
	(7, '001', 'Kemeja', 'description', 120000, 0, '123', 123, 1, 4, 9, '2014-11-11 03:08:28', '2014-11-11 03:08:28', NULL, NULL),
	(8, 'dsbm5tx', 'Doraemon Stand By Me 5 TX', 'Doraemon Stand By Me 5 TX', 95000, 0, 'S|M|L|XL', 100, 1, 1, 34, '2014-11-14 04:08:27', '2014-11-14 04:08:27', NULL, 'doraemon-stand-by-me-5-tx'),
	(19, 'dsbm6tx', 'Doraemon Stand By Me 6 TX', 'Doraemon Stand By Me 6 TX', 95000, 0, 'S|M|L|XL', 100, 1, 9, 51, '2014-11-14 04:31:28', '2014-11-14 04:31:28', NULL, 'doraemon-stand-by-me-6-tx'),
	(20, 'test', 'test', 'test', 123, 0, '123', 123, 1, 4, 52, '2014-11-29 04:17:07', '2014-11-29 04:17:07', NULL, 'test'),
	(21, 'Big Bang 3', 'Big Bang 3', 'Big Bang 3', 95000, 0, 'S|M|L|XL', 100, 1, 11, 53, '2014-11-29 09:39:23', '2014-11-29 09:39:23', NULL, 'big-bang-3'),
	(22, 'Big Bang 4', 'Big Bang 4', 'Big Bang 4', 95000, 0, 'S|M|L|XL', 100, 1, 11, 54, '2014-11-29 09:40:25', '2014-11-29 09:40:25', NULL, 'big-bang-4');
/*!40000 ALTER TABLE `product` ENABLE KEYS */;


-- Dumping structure for table commerce.product_image
CREATE TABLE IF NOT EXISTS `product_image` (
  `id` int(10) unsigned NOT NULL AUTO_INCREMENT,
  `name` varchar(255) COLLATE utf8_unicode_ci NOT NULL,
  `created_at` timestamp NOT NULL DEFAULT '0000-00-00 00:00:00',
  `updated_at` timestamp NOT NULL DEFAULT '0000-00-00 00:00:00',
  PRIMARY KEY (`id`)
) ENGINE=InnoDB AUTO_INCREMENT=55 DEFAULT CHARSET=utf8 COLLATE=utf8_unicode_ci;

-- Dumping data for table commerce.product_image: ~54 rows (approximately)
/*!40000 ALTER TABLE `product_image` DISABLE KEYS */;
INSERT INTO `product_image` (`id`, `name`, `created_at`, `updated_at`) VALUES
	(1, 'img/products/Doraemon Stand By Me 1 TX.jpg', '2014-10-23 04:20:07', '2014-10-28 02:31:44'),
	(2, 'img/products/Doraemon Stand By Me 2 TX.jpg', '2014-10-23 04:20:32', '2014-10-28 02:32:33'),
	(3, 'img/products/NEW Nat Geo Adventure 1 CR.jpg', '2014-10-24 22:36:19', '2014-10-24 22:36:19'),
	(4, 'img/products/Doraemon Stand By Me 3 TX.jpg', '2014-10-25 00:39:33', '2014-10-28 02:33:29'),
	(5, 'img/products/Doraemon Stand By Me 4 TX.jpg', '2014-10-28 02:40:07', '2014-10-28 02:40:07'),
	(6, 'img/products/Doraemon Stand By Me 4 TX.jpg', '2014-10-28 02:41:05', '2014-10-28 02:41:05'),
	(7, 'img/products/Big Bang 1.jpg', '2014-10-30 03:13:01', '2014-10-30 03:13:01'),
	(8, 'img/products/BIGBANG 2.jpg', '2014-10-30 03:13:28', '2014-10-30 03:13:28'),
	(9, 'img/products/Screenshot from 2014-10-29 18:33:20.png', '2014-11-11 03:08:28', '2014-11-11 03:08:28'),
	(10, 'img/products/Doraemon Stand By Me 5 TX.jpg', '2014-11-14 03:28:42', '2014-11-14 03:28:42'),
	(11, 'img/products/Doraemon Stand By Me 5 TX.jpg', '2014-11-14 03:29:35', '2014-11-14 03:29:35'),
	(12, 'img/products/Doraemon Stand By Me 5 TX.jpg', '2014-11-14 03:29:50', '2014-11-14 03:29:50'),
	(13, 'img/products/Doraemon Stand By Me 5 TX.jpg', '2014-11-14 03:31:41', '2014-11-14 03:31:41'),
	(14, 'img/products/Doraemon Stand By Me 5 TX.jpg', '2014-11-14 03:31:49', '2014-11-14 03:31:49'),
	(15, 'img/products/Doraemon Stand By Me 5 TX.jpg', '2014-11-14 03:32:22', '2014-11-14 03:32:22'),
	(16, 'img/products/Doraemon Stand By Me 5 TX.jpg', '2014-11-14 03:34:56', '2014-11-14 03:34:56'),
	(17, 'img/products/Doraemon Stand By Me 5 TX.jpg', '2014-11-14 03:40:55', '2014-11-14 03:40:55'),
	(18, 'img/products/Doraemon Stand By Me 5 TX.jpg', '2014-11-14 03:41:18', '2014-11-14 03:41:18'),
	(19, 'img/products/Doraemon Stand By Me 5 TX.jpg', '2014-11-14 03:43:55', '2014-11-14 03:43:55'),
	(20, 'img/products/Doraemon Stand By Me 5 TX.jpg', '2014-11-14 03:46:44', '2014-11-14 03:46:44'),
	(21, 'img/products/Doraemon Stand By Me 5 TX.jpg', '2014-11-14 03:47:31', '2014-11-14 03:47:31'),
	(22, 'img/products/Doraemon Stand By Me 5 TX.jpg', '2014-11-14 03:51:40', '2014-11-14 03:51:40'),
	(23, 'img/products/Doraemon Stand By Me 5 TX.jpg', '2014-11-14 03:56:53', '2014-11-14 03:56:53'),
	(24, 'img/products/Doraemon Stand By Me 5 TX.jpg', '2014-11-14 03:57:24', '2014-11-14 03:57:24'),
	(25, 'img/products/Doraemon Stand By Me 5 TX.jpg', '2014-11-14 03:57:48', '2014-11-14 03:57:48'),
	(26, 'img/products/Doraemon Stand By Me 5 TX.jpg', '2014-11-14 04:01:37', '2014-11-14 04:01:37'),
	(27, 'img/products/Doraemon Stand By Me 5 TX.jpg', '2014-11-14 04:03:09', '2014-11-14 04:03:09'),
	(28, 'img/products/Doraemon Stand By Me 5 TX.jpg', '2014-11-14 04:03:26', '2014-11-14 04:03:26'),
	(29, 'img/products/Doraemon Stand By Me 5 TX.jpg', '2014-11-14 04:03:55', '2014-11-14 04:03:55'),
	(30, 'img/products/Doraemon Stand By Me 5 TX.jpg', '2014-11-14 04:04:40', '2014-11-14 04:04:40'),
	(31, 'img/products/Doraemon Stand By Me 5 TX.jpg', '2014-11-14 04:05:33', '2014-11-14 04:05:33'),
	(32, 'img/products/Doraemon Stand By Me 5 TX.jpg', '2014-11-14 04:07:56', '2014-11-14 04:07:56'),
	(33, 'img/products/Doraemon Stand By Me 5 TX.jpg', '2014-11-14 04:08:11', '2014-11-14 04:08:11'),
	(34, 'img/products/Doraemon Stand By Me 5 TX.jpg', '2014-11-14 04:08:27', '2014-11-14 04:08:27'),
	(35, 'img/products/Doraemon Stand By Me 5 TX.jpg', '2014-11-14 04:08:56', '2014-11-14 04:08:56'),
	(36, 'img/products/Doraemon Stand By Me 5 TX.jpg', '2014-11-14 04:22:32', '2014-11-14 04:22:32'),
	(37, 'img/products/Doraemon Stand By Me 5 TX.jpg', '2014-11-14 04:22:52', '2014-11-14 04:22:52'),
	(38, 'img/products/Doraemon Stand By Me 5 TX.jpg', '2014-11-14 04:23:48', '2014-11-14 04:23:48'),
	(39, 'img/products/Doraemon Stand By Me 5 TX.jpg', '2014-11-14 04:24:02', '2014-11-14 04:24:02'),
	(40, 'img/products/Doraemon Stand By Me 5 TX.jpg', '2014-11-14 04:24:13', '2014-11-14 04:24:13'),
	(41, 'img/products/Doraemon Stand By Me 5 TX.jpg', '2014-11-14 04:24:32', '2014-11-14 04:24:32'),
	(42, 'img/products/Doraemon Stand By Me 5 TX.jpg', '2014-11-14 04:25:18', '2014-11-14 04:25:18'),
	(43, 'img/products/Doraemon Stand By Me 5 TX.jpg', '2014-11-14 04:25:50', '2014-11-14 04:25:50'),
	(44, 'img/products/Doraemon Stand By Me 5 TX.jpg', '2014-11-14 04:26:13', '2014-11-14 04:26:13'),
	(45, 'img/products/Doraemon Stand By Me 5 TX.jpg', '2014-11-14 04:26:36', '2014-11-14 04:26:36'),
	(46, 'img/products/Doraemon Stand By Me 5 TX.jpg', '2014-11-14 04:27:17', '2014-11-14 04:27:17'),
	(47, 'img/products/Doraemon Stand By Me 5 TX.jpg', '2014-11-14 04:27:46', '2014-11-14 04:27:46'),
	(48, 'img/products/Doraemon Stand By Me 5 TX.jpg', '2014-11-14 04:28:21', '2014-11-14 04:28:21'),
	(49, 'img/products/Doraemon Stand By Me 5 TX.jpg', '2014-11-14 04:29:23', '2014-11-14 04:29:23'),
	(50, 'img/products/Doraemon Stand By Me 5 TX.jpg', '2014-11-14 04:30:38', '2014-11-14 04:30:38'),
	(51, 'img/products/Doraemon Stand By Me 6 TX.jpg', '2014-11-14 04:31:28', '2014-11-14 04:31:28'),
	(52, 'img/products/abutua.jpg', '2014-11-29 04:17:07', '2014-11-29 04:17:07'),
	(53, 'img/products/BIGBANG 3.jpg', '2014-11-29 09:39:23', '2014-11-29 09:39:23'),
	(54, 'img/products/BIGBANG 4.jpg', '2014-11-29 09:40:25', '2014-11-29 09:40:25');
/*!40000 ALTER TABLE `product_image` ENABLE KEYS */;


-- Dumping structure for table commerce.propinsi
CREATE TABLE IF NOT EXISTS `propinsi` (
  `country_id` int(11) NOT NULL AUTO_INCREMENT,
  `name` varchar(128) NOT NULL,
  `iso_code_2` varchar(2) NOT NULL,
  `iso_code_3` varchar(3) NOT NULL,
  `address_format` text NOT NULL,
  `postcode_required` tinyint(1) NOT NULL,
  `status` tinyint(1) NOT NULL DEFAULT '1',
  PRIMARY KEY (`country_id`)
) ENGINE=MyISAM AUTO_INCREMENT=101 DEFAULT CHARSET=utf8;

-- Dumping data for table commerce.propinsi: 34 rows
/*!40000 ALTER TABLE `propinsi` DISABLE KEYS */;
INSERT INTO `propinsi` (`country_id`, `name`, `iso_code_2`, `iso_code_3`, `address_format`, `postcode_required`, `status`) VALUES
	(1, 'Bali', 'BL', 'BLI', '', 0, 1),
	(2, 'Bangka Belitung', 'BB', 'BBL', '', 0, 1),
	(3, 'Banten', 'BT', 'BNT', '', 0, 1),
	(4, 'Bengkulu', 'BK', 'BKL', '', 0, 1),
	(5, 'DI Yogyakarta', 'DI', 'DIY', '', 0, 1),
	(6, 'DKI Jakarta', 'DK', 'DKI', '', 0, 1),
	(7, 'Gorontalo', 'GR', 'GRT', '', 0, 1),
	(8, 'Jambi', 'JA', 'JMB', '', 0, 1),
	(9, 'Jawa Barat', 'JB', 'JBR', '', 0, 1),
	(10, 'Jawa Tengah', 'JT', 'JWT', '', 0, 1),
	(11, 'Jawa Timur', 'JM', 'JWU', '', 0, 1),
	(12, 'Kalimantan Barat', 'KB', 'KLB', '', 0, 1),
	(13, 'Kalimantan Selatan', 'KS', 'KLS', '', 0, 1),
	(14, 'Kalimantan Tengah', 'KT', 'KLT', '', 0, 1),
	(15, 'Kalimantan Timur', 'KR', 'KLM', '', 0, 1),
	(16, 'Kalimantan Utara', 'KU', 'KLU', '', 0, 1),
	(17, 'Kepulauan Riau', 'KA', 'KPR', '', 0, 1),
	(18, 'Lampung', 'LM', 'LMP', '', 0, 1),
	(19, 'Maluku', 'ML', 'MLK', '', 0, 1),
	(20, 'Maluku Utara', 'MU', 'MLU', '', 0, 1),
	(21, 'Nanggroe Aceh Darussalam', 'NA', 'NAD', '', 0, 1),
	(22, 'Nusa Tenggara Barat', 'NT', 'NTB', '', 0, 1),
	(23, 'Nusa Tenggara Timur', 'NE', 'NTT', '', 0, 1),
	(24, 'Papua', 'PP', 'PPA', '', 0, 1),
	(25, 'Papua Barat', 'PB', 'PPB', '', 0, 1),
	(26, 'Riau', 'RI', 'RIA', '', 0, 1),
	(27, 'Sulawesi Barat', 'SB', 'SSB', '', 0, 1),
	(28, 'Sulawesi Selatan', 'SS', 'SSL', '', 0, 1),
	(29, 'Sulawesi Tengah', 'ST', 'SST', '', 0, 1),
	(30, 'Sulawesi Tenggara', 'SE', 'SSE', '', 0, 1),
	(31, 'Sulawesi Utara', 'SU', 'SSU', '', 0, 1),
	(32, 'Sumatera Barat', 'SR', 'SBR', '', 0, 1),
	(33, 'Sumatera Selatan', 'SA', 'SST', '', 0, 1),
	(34, 'Sumatera Utara', 'SM', 'SSR', '', 0, 1);
/*!40000 ALTER TABLE `propinsi` ENABLE KEYS */;


-- Dumping structure for table commerce.roles
CREATE TABLE IF NOT EXISTS `roles` (
  `id` int(10) unsigned NOT NULL AUTO_INCREMENT,
  `name` varchar(255) COLLATE utf8_unicode_ci NOT NULL,
  `created_at` timestamp NOT NULL DEFAULT '0000-00-00 00:00:00',
  `updated_at` timestamp NOT NULL DEFAULT '0000-00-00 00:00:00',
  PRIMARY KEY (`id`),
  UNIQUE KEY `roles_name_unique` (`name`)
) ENGINE=InnoDB AUTO_INCREMENT=3 DEFAULT CHARSET=utf8 COLLATE=utf8_unicode_ci;

-- Dumping data for table commerce.roles: ~2 rows (approximately)
/*!40000 ALTER TABLE `roles` DISABLE KEYS */;
INSERT INTO `roles` (`id`, `name`, `created_at`, `updated_at`) VALUES
	(1, 'Owner', '2014-10-22 20:42:00', '2014-10-22 20:42:00'),
	(2, 'Admin', '2014-10-22 20:42:00', '2014-10-22 20:42:00');
/*!40000 ALTER TABLE `roles` ENABLE KEYS */;


-- Dumping structure for table commerce.users
CREATE TABLE IF NOT EXISTS `users` (
  `id` int(10) unsigned NOT NULL AUTO_INCREMENT,
  `username` varchar(255) COLLATE utf8_unicode_ci NOT NULL,
  `email` varchar(255) COLLATE utf8_unicode_ci NOT NULL,
  `password` varchar(255) COLLATE utf8_unicode_ci NOT NULL,
  `confirmation_code` varchar(255) COLLATE utf8_unicode_ci NOT NULL,
  `remember_token` varchar(255) COLLATE utf8_unicode_ci DEFAULT NULL,
  `confirmed` tinyint(1) NOT NULL DEFAULT '0',
  `created_at` timestamp NOT NULL DEFAULT '0000-00-00 00:00:00',
  `updated_at` timestamp NOT NULL DEFAULT '0000-00-00 00:00:00',
  PRIMARY KEY (`id`),
  UNIQUE KEY `users_username_unique` (`username`),
  UNIQUE KEY `users_email_unique` (`email`)
) ENGINE=InnoDB AUTO_INCREMENT=2 DEFAULT CHARSET=utf8 COLLATE=utf8_unicode_ci;

-- Dumping data for table commerce.users: ~1 rows (approximately)
/*!40000 ALTER TABLE `users` DISABLE KEYS */;
INSERT INTO `users` (`id`, `username`, `email`, `password`, `confirmation_code`, `remember_token`, `confirmed`, `created_at`, `updated_at`) VALUES
	(1, 'admin', 'admin@toko.com', '$2y$10$H1QBk1uhEbwPpW6IJnY.J.pYnnJE0xwXI4fKGw0H6G4BzGhZqm2oe', 'c69adafb8f759af377f9b1ed9c2fb46c', 'AQvxDLwWFxYYOF18KvGEka2m1w0FvbY1hjFGlLCbMIqH7J3C6XQINBj6EphJ', 0, '2014-10-22 20:23:42', '2014-10-25 23:25:59');
/*!40000 ALTER TABLE `users` ENABLE KEYS */;
/*!40101 SET SQL_MODE=IFNULL(@OLD_SQL_MODE, '') */;
/*!40014 SET FOREIGN_KEY_CHECKS=IF(@OLD_FOREIGN_KEY_CHECKS IS NULL, 1, @OLD_FOREIGN_KEY_CHECKS) */;
/*!40101 SET CHARACTER_SET_CLIENT=@OLD_CHARACTER_SET_CLIENT */;
